0.5333333333 9.0000000000
0.5600000000 7.0000000000
0.5866666667 7.0000000000
0.6133333333 7.0000000000
0.6400000000 5.0000000000
0.6666666667 5.0000000000
0.6933333333 5.0000000000
0.7200000000 5.0000000000
0.7466666667 4.0000000000
0.7733333333 4.0000000000
0.8000000000 3.0000000000
0.8266666667 4.0000000000
0.8533333333 3.0000000000
0.8800000000 2.0000000000
0.9066666667 2.0000000000
0.9333333333 0.0000000000
0.9600000000 0.0000000000
0.9866666667 -1.0000000000
1.0133333333 -2.0000000000
1.0400000000 -2.0000000000
1.0666666667 -2.0000000000
1.0933333333 -2.0000000000
1.1200000000 -2.0000000000
1.1466666667 0.0000000000
1.1733333333 0.0000000000
1.2000000000 0.0000000000
1.2266666667 0.0000000000
1.2533333333 0.0000000000
1.2800000000 1.0000000000
1.3066666667 1.0000000000
1.3333333333 1.0000000000
1.3600000000 0.0000000000
1.3866666667 0.0000000000
1.4133333333 0.0000000000
1.4400000000 0.0000000000
1.4666666667 0.0000000000
1.4933333333 -1.0000000000
1.5200000000 -2.0000000000
1.5466666667 -4.0000000000
1.5733333333 -5.0000000000
1.6000000000 -7.0000000000
1.6266666667 -7.0000000000
1.6533333333 -7.0000000000
1.6800000000 -6.0000000000
1.7066666667 -5.0000000000
1.7333333333 -4.0000000000
1.7600000000 -4.0000000000
1.7866666667 -3.0000000000
1.8133333333 -3.0000000000
1.8400000000 -3.0000000000
1.8666666667 -2.0000000000
1.8933333333 -3.0000000000
1.9200000000 -3.0000000000
1.9466666667 -3.0000000000
1.9733333333 -3.0000000000
2.0000000000 -4.0000000000
2.0266666667 -5.0000000000
2.0533333333 -6.0000000000
2.0800000000 -7.0000000000
2.1066666667 -7.0000000000
2.1333333333 -7.0000000000
2.1600000000 -7.0000000000
2.1866666667 -7.0000000000
2.2133333333 -7.0000000000
2.2400000000 -7.0000000000
2.2666666667 -7.0000000000
2.2933333333 -6.0000000000
2.3200000000 -7.0000000000
2.3466666667 -7.0000000000
2.3733333333 -8.0000000000
2.4000000000 -9.0000000000
2.4266666667 -9.0000000000
2.4533333333 -9.0000000000
2.4800000000 -10.0000000000
2.5066666667 -10.0000000000
2.5333333333 -10.0000000000
2.5600000000 -10.0000000000
2.5866666667 -10.0000000000
2.6133333333 -10.0000000000
2.6400000000 -10.0000000000
2.6666666667 -10.0000000000
2.6933333333 -10.0000000000
2.7200000000 -9.0000000000
2.7466666667 -10.0000000000
2.7733333333 -11.0000000000
2.8000000000 -12.0000000000
2.8266666667 -12.0000000000
2.8533333333 -12.0000000000
2.8800000000 -12.0000000000
2.9066666667 -11.0000000000
2.9333333333 -11.0000000000
2.9600000000 -12.0000000000
2.9866666667 -11.0000000000
3.0133333333 -11.0000000000
3.0400000000 -11.0000000000
3.0666666667 -11.0000000000
3.0933333333 -11.0000000000
3.1200000000 -11.0000000000
3.1466666667 -11.0000000000
3.1733333333 -12.0000000000
3.2000000000 -12.0000000000
3.2266666667 -12.0000000000
3.2533333333 -12.0000000000
3.2800000000 -11.0000000000
3.3066666667 -11.0000000000
3.3333333333 -11.0000000000
3.3600000000 -11.0000000000
3.3866666667 -12.0000000000
3.4133333333 -13.0000000000
3.4400000000 -14.0000000000
3.4666666667 -15.0000000000
3.4933333333 -15.0000000000
3.5200000000 -14.0000000000
3.5466666667 -14.0000000000
3.5733333333 -14.0000000000
3.6000000000 -13.0000000000
3.6266666667 -13.0000000000
3.6533333333 -13.0000000000
3.6800000000 -13.0000000000
3.7066666667 -13.0000000000
3.7333333333 -12.0000000000
3.7600000000 -12.0000000000
3.7866666667 -12.0000000000
3.8133333333 -14.0000000000
3.8400000000 -15.0000000000
3.8666666667 -16.0000000000
3.8933333333 -18.0000000000
3.9200000000 -19.0000000000
3.9466666667 -21.0000000000
3.9733333333 -22.0000000000
4.0000000000 -24.0000000000
4.0266666667 -26.0000000000
4.0533333333 -28.0000000000
4.0800000000 -30.0000000000
4.1066666667 -32.0000000000
4.1333333333 -32.0000000000
4.1600000000 -31.0000000000
4.1866666667 -31.0000000000
4.2133333333 -32.0000000000
4.2400000000 -32.0000000000
4.2666666667 -33.0000000000
4.2933333333 -33.0000000000
4.3200000000 -32.0000000000
4.3466666667 -31.0000000000
4.3733333333 -30.0000000000
4.4000000000 -30.0000000000
4.4266666667 -29.0000000000
4.4533333333 -29.0000000000
4.4800000000 -30.0000000000
4.5066666667 -30.0000000000
4.5333333333 -32.0000000000
4.5600000000 -32.0000000000
4.5866666667 -33.0000000000
4.6133333333 -32.0000000000
4.6400000000 -32.0000000000
4.6666666667 -32.0000000000
4.6933333333 -32.0000000000
4.7200000000 -32.0000000000
4.7466666667 -30.0000000000
4.7733333333 -30.0000000000
4.8000000000 -31.0000000000
4.8266666667 -31.0000000000
4.8533333333 -31.0000000000
4.8800000000 -32.0000000000
4.9066666667 -32.0000000000
4.9333333333 -32.0000000000
4.9600000000 -33.0000000000
4.9866666667 -34.0000000000
5.0133333333 -34.0000000000
5.0400000000 -35.0000000000
5.0666666667 -35.0000000000
5.0933333333 -35.0000000000
5.1200000000 -35.0000000000
5.1466666667 -36.0000000000
5.1733333333 -36.0000000000
5.2000000000 -36.0000000000
5.2266666667 -36.0000000000
5.2533333333 -36.0000000000
5.2800000000 -36.0000000000
5.3066666667 -37.0000000000
5.3333333333 -38.0000000000
5.3600000000 -39.0000000000
5.3866666667 -40.0000000000
5.4133333333 -41.0000000000
5.4400000000 -41.0000000000
5.4666666667 -41.0000000000
5.4933333333 -40.0000000000
5.5200000000 -42.0000000000
5.5466666667 -42.0000000000
5.5733333333 -43.0000000000
5.6000000000 -45.0000000000
5.6266666667 -45.0000000000
5.6533333333 -47.0000000000
5.6800000000 -48.0000000000
5.7066666667 -49.0000000000
5.7333333333 -49.0000000000
5.7600000000 -49.0000000000
5.7866666667 -50.0000000000
5.8133333333 -50.0000000000
5.8400000000 -50.0000000000
5.8666666667 -50.0000000000
5.8933333333 -50.0000000000
5.9200000000 -51.0000000000
5.9466666667 -50.0000000000
5.9733333333 -50.0000000000
6.0000000000 -49.0000000000
6.0266666667 -49.0000000000
6.0533333333 -48.0000000000
6.0800000000 -47.0000000000
6.1066666667 -47.0000000000
6.1333333333 -48.0000000000
6.1600000000 -47.0000000000
6.1866666667 -48.0000000000
6.2133333333 -48.0000000000
6.2400000000 -48.0000000000
6.2666666667 -50.0000000000
6.2933333333 -50.0000000000
6.3200000000 -52.0000000000
6.3466666667 -52.0000000000
6.3733333333 -53.0000000000
6.4000000000 -52.0000000000
6.4266666667 -51.0000000000
6.4533333333 -50.0000000000
6.4800000000 -50.0000000000
6.5066666667 -50.0000000000
6.5333333333 -50.0000000000
6.5600000000 -50.0000000000
6.5866666667 -51.0000000000
6.6133333333 -50.0000000000
6.6400000000 -50.0000000000
6.6666666667 -50.0000000000
6.6933333333 -50.0000000000
6.7200000000 -50.0000000000
6.7466666667 -51.0000000000
6.7733333333 -52.0000000000
6.8000000000 -53.0000000000
6.8266666667 -53.0000000000
6.8533333333 -53.0000000000
6.8800000000 -54.0000000000
6.9066666667 -54.0000000000
6.9333333333 -55.0000000000
6.9600000000 -55.0000000000
6.9866666667 -55.0000000000
7.0133333333 -55.0000000000
7.0400000000 -56.0000000000
7.0666666667 -56.0000000000
7.0933333333 -57.0000000000
7.1200000000 -57.0000000000
7.1466666667 -57.0000000000
7.1733333333 -57.0000000000
7.2000000000 -56.0000000000
7.2266666667 -55.0000000000
7.2533333333 -53.0000000000
7.2800000000 -53.0000000000
7.3066666667 -53.0000000000
7.3333333333 -53.0000000000
7.3600000000 -52.0000000000
7.3866666667 -52.0000000000
7.4133333333 -52.0000000000
7.4400000000 -52.0000000000
7.4666666667 -52.0000000000
7.4933333333 -52.0000000000
7.5200000000 -53.0000000000
7.5466666667 -55.0000000000
7.5733333333 -56.0000000000
7.6000000000 -56.0000000000
7.6266666667 -58.0000000000
7.6533333333 -58.0000000000
7.6800000000 -60.0000000000
7.7066666667 -61.0000000000
7.7333333333 -62.0000000000
7.7600000000 -63.0000000000
7.7866666667 -64.0000000000
7.8133333333 -66.0000000000
7.8400000000 -68.0000000000
7.8666666667 -69.0000000000
7.8933333333 -70.0000000000
7.9200000000 -72.0000000000
7.9466666667 -73.0000000000
7.9733333333 -74.0000000000
8.0000000000 -75.0000000000
8.0266666667 -78.0000000000
8.0533333333 -78.0000000000
8.0800000000 -79.0000000000
8.1066666667 -80.0000000000
8.1333333333 -81.0000000000
8.1600000000 -82.0000000000
8.1866666667 -83.0000000000
8.2133333333 -84.0000000000
8.2400000000 -84.0000000000
8.2666666667 -84.0000000000
8.2933333333 -85.0000000000
8.3200000000 -85.0000000000
8.3466666667 -85.0000000000
8.3733333333 -86.0000000000
8.4000000000 -87.0000000000
8.4266666667 -88.0000000000
8.4533333333 -89.0000000000
8.4800000000 -89.0000000000
8.5066666667 -89.0000000000
8.5333333333 -89.0000000000
8.5600000000 -88.0000000000
8.5866666667 -88.0000000000
8.6133333333 -88.0000000000
8.6400000000 -87.0000000000
8.6666666667 -88.0000000000
8.6933333333 -89.0000000000
8.7200000000 -89.0000000000
8.7466666667 -89.0000000000
8.7733333333 -91.0000000000
8.8000000000 -91.0000000000
8.8266666667 -93.0000000000
8.8533333333 -93.0000000000
8.8800000000 -94.0000000000
8.9066666667 -93.0000000000
8.9333333333 -94.0000000000
8.9600000000 -94.0000000000
8.9866666667 -94.0000000000
9.0133333333 -94.0000000000
9.0400000000 -96.0000000000
9.0666666667 -97.0000000000
9.0933333333 -98.0000000000
9.1200000000 -100.0000000000
9.1466666667 -100.0000000000
9.1733333333 -101.0000000000
9.2000000000 -101.0000000000
9.2266666667 -102.0000000000
9.2533333333 -102.0000000000
9.2800000000 -103.0000000000
9.3066666667 -103.0000000000
9.3333333333 -104.0000000000
9.3600000000 -103.0000000000
9.3866666667 -103.0000000000
9.4133333333 -102.0000000000
9.4400000000 -102.0000000000
9.4666666667 -100.0000000000
9.4933333333 -99.0000000000
9.5200000000 -99.0000000000
9.5466666667 -97.0000000000
9.5733333333 -96.0000000000
9.6000000000 -95.0000000000
9.6266666667 -94.0000000000
9.6533333333 -94.0000000000
9.6800000000 -94.0000000000
9.7066666667 -94.0000000000
9.7333333333 -94.0000000000
9.7600000000 -94.0000000000
9.7866666667 -94.0000000000
9.8133333333 -93.0000000000
9.8400000000 -93.0000000000
9.8666666667 -94.0000000000
9.8933333333 -94.0000000000
9.9200000000 -95.0000000000
9.9466666667 -96.0000000000
9.9733333333 -96.0000000000
10.0000000000 -97.0000000000
10.0266666667 -97.0000000000
10.0533333333 -97.0000000000
10.0800000000 -97.0000000000
10.1066666667 -98.0000000000
10.1333333333 -98.0000000000
10.1600000000 -99.0000000000
10.1866666667 -101.0000000000
10.2133333333 -101.0000000000
10.2400000000 -102.0000000000
10.2666666667 -103.0000000000
10.2933333333 -103.0000000000
10.3200000000 -102.0000000000
10.3466666667 -102.0000000000
10.3733333333 -101.0000000000
10.4000000000 -100.0000000000
10.4266666667 -99.0000000000
10.4533333333 -99.0000000000
10.4800000000 -99.0000000000
10.5066666667 -99.0000000000
10.5333333333 -99.0000000000
10.5600000000 -98.0000000000
10.5866666667 -100.0000000000
10.6133333333 -101.0000000000
10.6400000000 -102.0000000000
10.6666666667 -103.0000000000
10.6933333333 -105.0000000000
10.7200000000 -105.0000000000
10.7466666667 -106.0000000000
10.7733333333 -105.0000000000
10.8000000000 -105.0000000000
10.8266666667 -104.0000000000
10.8533333333 -104.0000000000
10.8800000000 -103.0000000000
10.9066666667 -104.0000000000
10.9333333333 -104.0000000000
10.9600000000 -104.0000000000
10.9866666667 -105.0000000000
11.0133333333 -105.0000000000
11.0400000000 -104.0000000000
11.0666666667 -104.0000000000
11.0933333333 -104.0000000000
11.1200000000 -103.0000000000
11.1466666667 -102.0000000000
11.1733333333 -102.0000000000
11.2000000000 -103.0000000000
11.2266666667 -104.0000000000
11.2533333333 -105.0000000000
11.2800000000 -106.0000000000
11.3066666667 -106.0000000000
11.3333333333 -106.0000000000
11.3600000000 -107.0000000000
11.3866666667 -107.0000000000
11.4133333333 -107.0000000000
11.4400000000 -107.0000000000
11.4666666667 -106.0000000000
11.4933333333 -106.0000000000
11.5200000000 -105.0000000000
11.5466666667 -104.0000000000
11.5733333333 -104.0000000000
11.6000000000 -103.0000000000
11.6266666667 -105.0000000000
11.6533333333 -106.0000000000
11.6800000000 -108.0000000000
11.7066666667 -109.0000000000
11.7333333333 -111.0000000000
11.7600000000 -111.0000000000
11.7866666667 -113.0000000000
11.8133333333 -114.0000000000
11.8400000000 -115.0000000000
11.8666666667 -115.0000000000
11.8933333333 -116.0000000000
11.9200000000 -115.0000000000
11.9466666667 -115.0000000000
11.9733333333 -113.0000000000
12.0000000000 -113.0000000000
12.0266666667 -113.0000000000
12.0533333333 -113.0000000000
12.0800000000 -113.0000000000
12.1066666667 -113.0000000000
12.1333333333 -114.0000000000
12.1600000000 -114.0000000000
12.1866666667 -115.0000000000
12.2133333333 -116.0000000000
12.2400000000 -117.0000000000
12.2666666667 -116.0000000000
12.2933333333 -117.0000000000
12.3200000000 -116.0000000000
12.3466666667 -117.0000000000
12.3733333333 -118.0000000000
12.4000000000 -118.0000000000
12.4266666667 -119.0000000000
12.4533333333 -120.0000000000
12.4800000000 -120.0000000000
12.5066666667 -120.0000000000
12.5333333333 -118.0000000000
12.5600000000 -119.0000000000
12.5866666667 -118.0000000000
12.6133333333 -118.0000000000
12.6400000000 -119.0000000000
12.6666666667 -121.0000000000
12.6933333333 -121.0000000000
12.7200000000 -123.0000000000
12.7466666667 -123.0000000000
12.7733333333 -124.0000000000
12.8000000000 -125.0000000000
12.8266666667 -127.0000000000
12.8533333333 -127.0000000000
12.8800000000 -127.0000000000
12.9066666667 -128.0000000000
12.9333333333 -128.0000000000
12.9600000000 -127.0000000000
12.9866666667 -125.0000000000
13.0133333333 -124.0000000000
13.0400000000 -123.0000000000
13.0666666667 -122.0000000000
13.0933333333 -120.0000000000
13.1200000000 -119.0000000000
13.1466666667 -117.0000000000
13.1733333333 -118.0000000000
13.2000000000 -116.0000000000
13.2266666667 -116.0000000000
13.2533333333 -115.0000000000
13.2800000000 -115.0000000000
13.3066666667 -115.0000000000
13.3333333333 -115.0000000000
13.3600000000 -115.0000000000
13.3866666667 -115.0000000000
13.4133333333 -115.0000000000
13.4400000000 -115.0000000000
13.4666666667 -114.0000000000
13.4933333333 -114.0000000000
13.5200000000 -115.0000000000
13.5466666667 -114.0000000000
13.5733333333 -114.0000000000
13.6000000000 -115.0000000000
13.6266666667 -115.0000000000
13.6533333333 -116.0000000000
13.6800000000 -116.0000000000
13.7066666667 -117.0000000000
13.7333333333 -118.0000000000
13.7600000000 -119.0000000000
13.7866666667 -120.0000000000
13.8133333333 -120.0000000000
13.8400000000 -120.0000000000
13.8666666667 -120.0000000000
13.8933333333 -119.0000000000
13.9200000000 -118.0000000000
13.9466666667 -117.0000000000
13.9733333333 -115.0000000000
14.0000000000 -115.0000000000
14.0266666667 -113.0000000000
14.0533333333 -114.0000000000
14.0800000000 -114.0000000000
14.1066666667 -114.0000000000
14.1333333333 -115.0000000000
14.1600000000 -115.0000000000
14.1866666667 -116.0000000000
14.2133333333 -118.0000000000
14.2400000000 -118.0000000000
14.2666666667 -119.0000000000
14.2933333333 -119.0000000000
14.3200000000 -119.0000000000
14.3466666667 -119.0000000000
14.3733333333 -120.0000000000
14.4000000000 -120.0000000000
14.4266666667 -121.0000000000
14.4533333333 -120.0000000000
14.4800000000 -120.0000000000
14.5066666667 -118.0000000000
14.5333333333 -119.0000000000
14.5600000000 -117.0000000000
14.5866666667 -116.0000000000
14.6133333333 -115.0000000000
14.6400000000 -115.0000000000
14.6666666667 -116.0000000000
14.6933333333 -116.0000000000
14.7200000000 -117.0000000000
14.7466666667 -118.0000000000
14.7733333333 -118.0000000000
14.8000000000 -119.0000000000
14.8266666667 -119.0000000000
14.8533333333 -119.0000000000
14.8800000000 -119.0000000000
14.9066666667 -120.0000000000
14.9333333333 -120.0000000000
14.9600000000 -121.0000000000
14.9866666667 -121.0000000000
15.0133333333 -121.0000000000
15.0400000000 -121.0000000000
15.0666666667 -121.0000000000
15.0933333333 -121.0000000000
15.1200000000 -121.0000000000
15.1466666667 -121.0000000000
15.1733333333 -121.0000000000
15.2000000000 -120.0000000000
15.2266666667 -120.0000000000
15.2533333333 -120.0000000000
15.2800000000 -121.0000000000
15.3066666667 -121.0000000000
15.3333333333 -121.0000000000
15.3600000000 -122.0000000000
15.3866666667 -123.0000000000
15.4133333333 -124.0000000000
15.4400000000 -125.0000000000
15.4666666667 -127.0000000000
15.4933333333 -128.0000000000
15.5200000000 -128.0000000000
15.5466666667 -129.0000000000
15.5733333333 -130.0000000000
15.6000000000 -130.0000000000
15.6266666667 -130.0000000000
15.6533333333 -129.0000000000
15.6800000000 -129.0000000000
15.7066666667 -129.0000000000
15.7333333333 -129.0000000000
15.7600000000 -129.0000000000
15.7866666667 -130.0000000000
15.8133333333 -131.0000000000
15.8400000000 -131.0000000000
15.8666666667 -131.0000000000
15.8933333333 -131.0000000000
15.9200000000 -130.0000000000
15.9466666667 -129.0000000000
15.9733333333 -128.0000000000
16.0000000000 -128.0000000000
16.0266666667 -127.0000000000
16.0533333333 -129.0000000000
16.0800000000 -131.0000000000
16.1066666667 -133.0000000000
16.1333333333 -135.0000000000
16.1600000000 -137.0000000000
16.1866666667 -140.0000000000
16.2133333333 -141.0000000000
16.2400000000 -143.0000000000
16.2666666667 -144.0000000000
16.2933333333 -145.0000000000
16.3200000000 -146.0000000000
16.3466666667 -147.0000000000
16.3733333333 -148.0000000000
16.4000000000 -149.0000000000
16.4266666667 -149.0000000000
16.4533333333 -150.0000000000
16.4800000000 -152.0000000000
16.5066666667 -153.0000000000
16.5333333333 -155.0000000000
16.5600000000 -156.0000000000
16.5866666667 -157.0000000000
16.6133333333 -156.0000000000
16.6400000000 -156.0000000000
16.6666666667 -156.0000000000
16.6933333333 -157.0000000000
16.7200000000 -157.0000000000
16.7466666667 -158.0000000000
16.7733333333 -160.0000000000
16.8000000000 -162.0000000000
16.8266666667 -164.0000000000
16.8533333333 -167.0000000000
16.8800000000 -168.0000000000
16.9066666667 -170.0000000000
16.9333333333 -171.0000000000
16.9600000000 -171.0000000000
16.9866666667 -171.0000000000
17.0133333333 -170.0000000000
17.0400000000 -167.0000000000
17.0666666667 -164.0000000000
17.0933333333 -160.0000000000
17.1200000000 -155.0000000000
17.1466666667 -152.0000000000
17.1733333333 -149.0000000000
17.2000000000 -144.0000000000
17.2266666667 -139.0000000000
17.2533333333 -133.0000000000
17.2800000000 -126.0000000000
17.3066666667 -120.0000000000
17.3333333333 -114.0000000000
17.3600000000 -108.0000000000
17.3866666667 -103.0000000000
17.4133333333 -99.0000000000
17.4400000000 -95.0000000000
17.4666666667 -92.0000000000
17.4933333333 -89.0000000000
17.5200000000 -86.0000000000
17.5466666667 -84.0000000000
17.5733333333 -81.0000000000
17.6000000000 -80.0000000000
17.6266666667 -78.0000000000
17.6533333333 -77.0000000000
17.6800000000 -76.0000000000
17.7066666667 -76.0000000000
17.7333333333 -77.0000000000
17.7600000000 -79.0000000000
17.7866666667 -82.0000000000
17.8133333333 -86.0000000000
17.8400000000 -91.0000000000
17.8666666667 -94.0000000000
17.8933333333 -98.0000000000
17.9200000000 -101.0000000000
17.9466666667 -106.0000000000
17.9733333333 -109.0000000000
18.0000000000 -113.0000000000
18.0266666667 -118.0000000000
18.0533333333 -122.0000000000
18.0800000000 -127.0000000000
18.1066666667 -131.0000000000
18.1333333333 -137.0000000000
18.1600000000 -141.0000000000
18.1866666667 -146.0000000000
18.2133333333 -151.0000000000
18.2400000000 -156.0000000000
18.2666666667 -161.0000000000
18.2933333333 -166.0000000000
18.3200000000 -171.0000000000
18.3466666667 -177.0000000000
18.3733333333 -184.0000000000
18.4000000000 -190.0000000000
18.4266666667 -196.0000000000
18.4533333333 -201.0000000000
18.4800000000 -206.0000000000
18.5066666667 -211.0000000000
18.5333333333 -216.0000000000
18.5600000000 -221.0000000000
18.5866666667 -226.0000000000
18.6133333333 -231.0000000000
18.6400000000 -235.0000000000
18.6666666667 -240.0000000000
18.6933333333 -244.0000000000
18.7200000000 -247.0000000000
18.7466666667 -251.0000000000
18.7733333333 -254.0000000000
18.8000000000 -255.0000000000
18.8266666667 -254.0000000000
18.8533333333 -252.0000000000
18.8800000000 -246.0000000000
18.9066666667 -239.0000000000
18.9333333333 -228.0000000000
18.9600000000 -216.0000000000
18.9866666667 -199.0000000000
19.0133333333 -180.0000000000
19.0400000000 -157.0000000000
19.0666666667 -130.0000000000
19.0933333333 -98.0000000000
19.1200000000 -63.0000000000
19.1466666667 -25.0000000000
19.1733333333 14.0000000000
19.2000000000 56.0000000000
19.2266666667 101.0000000000
19.2533333333 148.0000000000
19.2800000000 196.0000000000
19.3066666667 241.0000000000
19.3333333333 286.0000000000
19.3600000000 328.0000000000
19.3866666667 367.0000000000
19.4133333333 401.0000000000
19.4400000000 429.0000000000
19.4666666667 451.0000000000
19.4933333333 468.0000000000
19.5200000000 477.0000000000
19.5466666667 479.0000000000
19.5733333333 474.0000000000
19.6000000000 462.0000000000
19.6266666667 444.0000000000
19.6533333333 419.0000000000
19.6800000000 390.0000000000
19.7066666667 358.0000000000
19.7333333333 322.0000000000
19.7600000000 284.0000000000
19.7866666667 242.0000000000
19.8133333333 201.0000000000
19.8400000000 159.0000000000
19.8666666667 118.0000000000
19.8933333333 77.0000000000
19.9200000000 37.0000000000
19.9466666667 0.0000000000
19.9733333333 -35.0000000000
20.0000000000 -69.0000000000
20.0266666667 -101.0000000000
20.0533333333 -131.0000000000
20.0800000000 -158.0000000000
20.1066666667 -181.0000000000
20.1333333333 -202.0000000000
20.1600000000 -222.0000000000
20.1866666667 -239.0000000000
20.2133333333 -254.0000000000
20.2400000000 -266.0000000000
20.2666666667 -276.0000000000
20.2933333333 -282.0000000000
20.3200000000 -286.0000000000
20.3466666667 -286.0000000000
20.3733333333 -282.0000000000
20.4000000000 -275.0000000000
20.4266666667 -264.0000000000
20.4533333333 -249.0000000000
20.4800000000 -231.0000000000
20.5066666667 -209.0000000000
20.5333333333 -185.0000000000
20.5600000000 -158.0000000000
20.5866666667 -128.0000000000
20.6133333333 -97.0000000000
20.6400000000 -66.0000000000
20.6666666667 -35.0000000000
20.6933333333 -5.0000000000
20.7200000000 24.0000000000
20.7466666667 50.0000000000
20.7733333333 73.0000000000
20.8000000000 91.0000000000
20.8266666667 106.0000000000
20.8533333333 115.0000000000
20.8800000000 119.0000000000
20.9066666667 118.0000000000
20.9333333333 111.0000000000
20.9600000000 100.0000000000
20.9866666667 83.0000000000
21.0133333333 63.0000000000
21.0400000000 41.0000000000
21.0666666667 15.0000000000
21.0933333333 -12.0000000000
21.1200000000 -40.0000000000
21.1466666667 -68.0000000000
21.1733333333 -95.0000000000
21.2000000000 -121.0000000000
21.2266666667 -145.0000000000
21.2533333333 -167.0000000000
21.2800000000 -187.0000000000
21.3066666667 -204.0000000000
21.3333333333 -218.0000000000
21.3600000000 -232.0000000000
21.3866666667 -243.0000000000
21.4133333333 -253.0000000000
21.4400000000 -262.0000000000
21.4666666667 -269.0000000000
21.4933333333 -274.0000000000
21.5200000000 -280.0000000000
21.5466666667 -286.0000000000
21.5733333333 -291.0000000000
21.6000000000 -297.0000000000
21.6266666667 -303.0000000000
21.6533333333 -311.0000000000
21.6800000000 -318.0000000000
21.7066666667 -324.0000000000
21.7333333333 -331.0000000000
21.7600000000 -337.0000000000
21.7866666667 -342.0000000000
21.8133333333 -346.0000000000
21.8400000000 -347.0000000000
21.8666666667 -347.0000000000
21.8933333333 -345.0000000000
21.9200000000 -341.0000000000
21.9466666667 -335.0000000000
21.9733333333 -328.0000000000
22.0000000000 -317.0000000000
22.0266666667 -307.0000000000
22.0533333333 -293.0000000000
22.0800000000 -279.0000000000
22.1066666667 -263.0000000000
22.1333333333 -247.0000000000
22.1600000000 -230.0000000000
22.1866666667 -212.0000000000
22.2133333333 -195.0000000000
22.2400000000 -178.0000000000
22.2666666667 -163.0000000000
22.2933333333 -151.0000000000
22.3200000000 -140.0000000000
22.3466666667 -132.0000000000
22.3733333333 -127.0000000000
22.4000000000 -124.0000000000
22.4266666667 -123.0000000000
22.4533333333 -124.0000000000
22.4800000000 -127.0000000000
22.5066666667 -131.0000000000
22.5333333333 -136.0000000000
22.5600000000 -143.0000000000
22.5866666667 -151.0000000000
22.6133333333 -159.0000000000
22.6400000000 -168.0000000000
22.6666666667 -177.0000000000
22.6933333333 -186.0000000000
22.7200000000 -197.0000000000
22.7466666667 -208.0000000000
22.7733333333 -220.0000000000
22.8000000000 -233.0000000000
22.8266666667 -247.0000000000
22.8533333333 -261.0000000000
22.8800000000 -275.0000000000
22.9066666667 -290.0000000000
22.9333333333 -305.0000000000
22.9600000000 -320.0000000000
22.9866666667 -335.0000000000
23.0133333333 -350.0000000000
23.0400000000 -365.0000000000
23.0666666667 -380.0000000000
23.0933333333 -395.0000000000
23.1200000000 -410.0000000000
23.1466666667 -425.0000000000
23.1733333333 -440.0000000000
23.2000000000 -454.0000000000
23.2266666667 -470.0000000000
23.2533333333 -485.0000000000
23.2800000000 -500.0000000000
23.3066666667 -515.0000000000
23.3333333333 -530.0000000000
23.3600000000 -545.0000000000
23.3866666667 -561.0000000000
23.4133333333 -578.0000000000
23.4400000000 -597.0000000000
23.4666666667 -616.0000000000
23.4933333333 -638.0000000000
23.5200000000 -661.0000000000
23.5466666667 -685.0000000000
23.5733333333 -711.0000000000
23.6000000000 -738.0000000000
23.6266666667 -767.0000000000
23.6533333333 -797.0000000000
23.6800000000 -830.0000000000
23.7066666667 -863.0000000000
23.7333333333 -899.0000000000
23.7600000000 -936.0000000000
23.7866666667 -978.0000000000
23.8133333333 -1020.0000000000
23.8400000000 -1066.0000000000
23.8666666667 -1114.0000000000
23.8933333333 -1166.0000000000
23.9200000000 -1222.0000000000
23.9466666667 -1281.0000000000
23.9733333333 -1343.0000000000
24.0000000000 -1410.0000000000
24.0266666667 -1480.0000000000
24.0533333333 -1556.0000000000
24.0800000000 -1633.0000000000
24.1066666667 -1714.0000000000
24.1333333333 -1799.0000000000
24.1600000000 -1888.0000000000
24.1866666667 -1981.0000000000
24.2133333333 -2076.0000000000
24.2400000000 -2175.0000000000
24.2666666667 -2277.0000000000
24.2933333333 -2382.0000000000
24.3200000000 -2493.0000000000
24.3466666667 -2604.0000000000
24.3733333333 -2717.0000000000
24.4000000000 -2834.0000000000
24.4266666667 -2953.0000000000
24.4533333333 -3077.0000000000
24.4800000000 -3202.0000000000
24.5066666667 -3328.0000000000
24.5333333333 -3457.0000000000
24.5600000000 -3586.0000000000
24.5866666667 -3719.0000000000
24.6133333333 -3851.0000000000
24.6400000000 -3981.0000000000
24.6666666667 -4112.0000000000
24.6933333333 -4239.0000000000
24.7200000000 -4365.0000000000
24.7466666667 -4480.0000000000
24.7733333333 -4585.0000000000
24.8000000000 -4677.0000000000
24.8266666667 -4752.0000000000
24.8533333333 -4804.0000000000
24.8800000000 -4829.0000000000
24.9066666667 -4818.0000000000
24.9333333333 -4768.0000000000
24.9600000000 -4668.0000000000
24.9866666667 -4511.0000000000
25.0133333333 -4290.0000000000
25.0400000000 -4000.0000000000
25.0666666667 -3626.0000000000
25.0933333333 -3162.0000000000
25.1200000000 -2588.0000000000
25.1466666667 -1916.0000000000
25.1733333333 -1138.0000000000
25.2000000000 -237.0000000000
25.2266666667 778.0000000000
25.2533333333 1932.0000000000
25.2800000000 3182.0000000000
25.3066666667 4528.0000000000
25.3333333333 5976.0000000000
25.3600000000 7501.0000000000
25.3866666667 9108.0000000000
25.4133333333 10729.0000000000
25.4400000000 12338.0000000000
25.4666666667 13947.0000000000
25.4933333333 15494.0000000000
25.5200000000 16981.0000000000
25.5466666667 18331.0000000000
25.5733333333 19518.0000000000
25.6000000000 20547.0000000000
25.6266666667 21372.0000000000
25.6533333333 21991.0000000000
25.6800000000 22368.0000000000
25.7066666667 22506.0000000000
25.7333333333 22406.0000000000
25.7600000000 22074.0000000000
25.7866666667 21507.0000000000
25.8133333333 20744.0000000000
25.8400000000 19801.0000000000
25.8666666667 18688.0000000000
25.8933333333 17444.0000000000
25.9200000000 16063.0000000000
25.9466666667 14626.0000000000
25.9733333333 13142.0000000000
26.0000000000 11622.0000000000
26.0266666667 10090.0000000000
26.0533333333 8562.0000000000
26.0800000000 7076.0000000000
26.1066666667 5664.0000000000
26.1333333333 4289.0000000000
26.1600000000 3000.0000000000
26.1866666667 1760.0000000000
26.2133333333 630.0000000000
26.2400000000 -408.0000000000
26.2666666667 -1368.0000000000
26.2933333333 -2243.0000000000
26.3200000000 -3046.0000000000
26.3466666667 -3760.0000000000
26.3733333333 -4390.0000000000
26.4000000000 -4956.0000000000
26.4266666667 -5453.0000000000
26.4533333333 -5894.0000000000
26.4800000000 -6271.0000000000
26.5066666667 -6589.0000000000
26.5333333333 -6860.0000000000
26.5600000000 -7082.0000000000
26.5866666667 -7259.0000000000
26.6133333333 -7391.0000000000
26.6400000000 -7478.0000000000
26.6666666667 -7527.0000000000
26.6933333333 -7533.0000000000
26.7200000000 -7504.0000000000
26.7466666667 -7438.0000000000
26.7733333333 -7344.0000000000
26.8000000000 -7218.0000000000
26.8266666667 -7070.0000000000
26.8533333333 -6898.0000000000
26.8800000000 -6717.0000000000
26.9066666667 -6528.0000000000
26.9333333333 -6337.0000000000
26.9600000000 -6148.0000000000
26.9866666667 -5967.0000000000
27.0133333333 -5801.0000000000
27.0400000000 -5656.0000000000
27.0666666667 -5533.0000000000
27.0933333333 -5434.0000000000
27.1200000000 -5362.0000000000
27.1466666667 -5314.0000000000
27.1733333333 -5292.0000000000
27.2000000000 -5287.0000000000
27.2266666667 -5299.0000000000
27.2533333333 -5318.0000000000
27.2800000000 -5342.0000000000
27.3066666667 -5360.0000000000
27.3333333333 -5370.0000000000
27.3600000000 -5363.0000000000
27.3866666667 -5336.0000000000
27.4133333333 -5284.0000000000
27.4400000000 -5206.0000000000
27.4666666667 -5098.0000000000
27.4933333333 -4963.0000000000
27.5200000000 -4798.0000000000
27.5466666667 -4613.0000000000
27.5733333333 -4411.0000000000
27.6000000000 -4192.0000000000
27.6266666667 -3967.0000000000
27.6533333333 -3737.0000000000
27.6800000000 -3514.0000000000
27.7066666667 -3303.0000000000
27.7333333333 -3105.0000000000
27.7600000000 -2924.0000000000
27.7866666667 -2764.0000000000
27.8133333333 -2627.0000000000
27.8400000000 -2516.0000000000
27.8666666667 -2425.0000000000
27.8933333333 -2357.0000000000
27.9200000000 -2305.0000000000
27.9466666667 -2271.0000000000
27.9733333333 -2251.0000000000
28.0000000000 -2239.0000000000
28.0266666667 -2236.0000000000
28.0533333333 -2236.0000000000
28.0800000000 -2238.0000000000
28.1066666667 -2238.0000000000
28.1333333333 -2236.0000000000
28.1600000000 -2228.0000000000
28.1866666667 -2214.0000000000
28.2133333333 -2192.0000000000
28.2400000000 -2162.0000000000
28.2666666667 -2121.0000000000
28.2933333333 -2072.0000000000
28.3200000000 -2011.0000000000
28.3466666667 -1942.0000000000
28.3733333333 -1865.0000000000
28.4000000000 -1779.0000000000
28.4266666667 -1685.0000000000
28.4533333333 -1582.0000000000
28.4800000000 -1473.0000000000
28.5066666667 -1359.0000000000
28.5333333333 -1240.0000000000
28.5600000000 -1116.0000000000
28.5866666667 -989.0000000000
28.6133333333 -864.0000000000
28.6400000000 -742.0000000000
28.6666666667 -621.0000000000
28.6933333333 -506.0000000000
28.7200000000 -397.0000000000
28.7466666667 -300.0000000000
28.7733333333 -216.0000000000
28.8000000000 -145.0000000000
28.8266666667 -89.0000000000
28.8533333333 -52.0000000000
28.8800000000 -34.0000000000
28.9066666667 -33.0000000000
28.9333333333 -50.0000000000
28.9600000000 -82.0000000000
28.9866666667 -129.0000000000
29.0133333333 -186.0000000000
29.0400000000 -251.0000000000
29.0666666667 -319.0000000000
29.0933333333 -388.0000000000
29.1200000000 -452.0000000000
29.1466666667 -508.0000000000
29.1733333333 -551.0000000000
29.2000000000 -579.0000000000
29.2266666667 -591.0000000000
29.2533333333 -584.0000000000
29.2800000000 -558.0000000000
29.3066666667 -515.0000000000
29.3333333333 -454.0000000000
29.3600000000 -380.0000000000
29.3866666667 -294.0000000000
29.4133333333 -202.0000000000
29.4400000000 -109.0000000000
29.4666666667 -16.0000000000
29.4933333333 68.0000000000
29.5200000000 146.0000000000
29.5466666667 210.0000000000
29.5733333333 260.0000000000
29.6000000000 295.0000000000
29.6266666667 315.0000000000
29.6533333333 321.0000000000
29.6800000000 315.0000000000
29.7066666667 300.0000000000
29.7333333333 278.0000000000
29.7600000000 253.0000000000
29.7866666667 229.0000000000
29.8133333333 209.0000000000
29.8400000000 198.0000000000
29.8666666667 197.0000000000
29.8933333333 207.0000000000
29.9200000000 230.0000000000
29.9466666667 266.0000000000
29.9733333333 314.0000000000
30.0000000000 374.0000000000
30.0266666667 443.0000000000
30.0533333333 521.0000000000
30.0800000000 601.0000000000
30.1066666667 684.0000000000
30.1333333333 766.0000000000
30.1600000000 843.0000000000
30.1866666667 917.0000000000
30.2133333333 981.0000000000
30.2400000000 1035.0000000000
30.2666666667 1078.0000000000
30.2933333333 1108.0000000000
30.3200000000 1126.0000000000
30.3466666667 1132.0000000000
30.3733333333 1124.0000000000
30.4000000000 1105.0000000000
30.4266666667 1075.0000000000
30.4533333333 1034.0000000000
30.4800000000 986.0000000000
30.5066666667 932.0000000000
30.5333333333 871.0000000000
30.5600000000 807.0000000000
30.5866666667 740.0000000000
30.6133333333 672.0000000000
30.6400000000 606.0000000000
30.6666666667 540.0000000000
30.6933333333 477.0000000000
30.7200000000 414.0000000000
30.7466666667 354.0000000000
30.7733333333 297.0000000000
30.8000000000 243.0000000000
30.8266666667 191.0000000000
30.8533333333 141.0000000000
30.8800000000 96.0000000000
30.9066666667 55.0000000000
30.9333333333 18.0000000000
30.9600000000 -13.0000000000
30.9866666667 -39.0000000000
31.0133333333 -58.0000000000
31.0400000000 -68.0000000000
31.0666666667 -70.0000000000
31.0933333333 -64.0000000000
31.1200000000 -49.0000000000
31.1466666667 -27.0000000000
31.1733333333 1.0000000000
31.2000000000 37.0000000000
31.2266666667 80.0000000000
31.2533333333 129.0000000000
31.2800000000 184.0000000000
31.3066666667 244.0000000000
31.3333333333 309.0000000000
31.3600000000 380.0000000000
31.3866666667 456.0000000000
31.4133333333 536.0000000000
31.4400000000 616.0000000000
31.4666666667 699.0000000000
31.4933333333 781.0000000000
31.5200000000 864.0000000000
31.5466666667 942.0000000000
31.5733333333 1015.0000000000
31.6000000000 1083.0000000000
31.6266666667 1144.0000000000
31.6533333333 1198.0000000000
31.6800000000 1240.0000000000
31.7066666667 1271.0000000000
31.7333333333 1291.0000000000
31.7600000000 1299.0000000000
31.7866666667 1295.0000000000
31.8133333333 1280.0000000000
31.8400000000 1255.0000000000
31.8666666667 1221.0000000000
31.8933333333 1180.0000000000
31.9200000000 1132.0000000000
31.9466666667 1080.0000000000
31.9733333333 1027.0000000000
32.0000000000 974.0000000000
32.0266666667 922.0000000000
32.0533333333 871.0000000000
32.0800000000 826.0000000000
32.1066666667 786.0000000000
32.1333333333 750.0000000000
32.1600000000 720.0000000000
32.1866666667 693.0000000000
32.2133333333 671.0000000000
32.2400000000 650.0000000000
32.2666666667 631.0000000000
32.2933333333 612.0000000000
32.3200000000 591.0000000000
32.3466666667 569.0000000000
32.3733333333 544.0000000000
32.4000000000 516.0000000000
32.4266666667 484.0000000000
32.4533333333 449.0000000000
32.4800000000 410.0000000000
32.5066666667 368.0000000000
32.5333333333 324.0000000000
32.5600000000 278.0000000000
32.5866666667 231.0000000000
32.6133333333 185.0000000000
32.6400000000 142.0000000000
32.6666666667 100.0000000000
32.6933333333 64.0000000000
32.7200000000 31.0000000000
32.7466666667 5.0000000000
32.7733333333 -12.0000000000
32.8000000000 -23.0000000000
32.8266666667 -25.0000000000
32.8533333333 -18.0000000000
32.8800000000 -1.0000000000
32.9066666667 24.0000000000
32.9333333333 57.0000000000
32.9600000000 98.0000000000
32.9866666667 146.0000000000
33.0133333333 199.0000000000
33.0400000000 254.0000000000
33.0666666667 310.0000000000
33.0933333333 367.0000000000
33.1200000000 423.0000000000
33.1466666667 474.0000000000
33.1733333333 520.0000000000
33.2000000000 561.0000000000
33.2266666667 596.0000000000
33.2533333333 624.0000000000
33.2800000000 646.0000000000
33.3066666667 660.0000000000
33.3333333333 668.0000000000
33.3600000000 670.0000000000
33.3866666667 667.0000000000
33.4133333333 659.0000000000
33.4400000000 648.0000000000
33.4666666667 633.0000000000
33.4933333333 617.0000000000
33.5200000000 598.0000000000
33.5466666667 578.0000000000
33.5733333333 557.0000000000
33.6000000000 535.0000000000
33.6266666667 511.0000000000
33.6533333333 484.0000000000
33.6800000000 456.0000000000
33.7066666667 425.0000000000
33.7333333333 390.0000000000
33.7600000000 353.0000000000
33.7866666667 313.0000000000
33.8133333333 271.0000000000
33.8400000000 227.0000000000
33.8666666667 183.0000000000
33.8933333333 138.0000000000
33.9200000000 95.0000000000
33.9466666667 55.0000000000
33.9733333333 18.0000000000
34.0000000000 -15.0000000000
34.0266666667 -43.0000000000
34.0533333333 -66.0000000000
34.0800000000 -84.0000000000
34.1066666667 -95.0000000000
34.1333333333 -101.0000000000
34.1600000000 -103.0000000000
34.1866666667 -100.0000000000
34.2133333333 -97.0000000000
34.2400000000 -92.0000000000
34.2666666667 -87.0000000000
34.2933333333 -84.0000000000
34.3200000000 -85.0000000000
34.3466666667 -90.0000000000
34.3733333333 -101.0000000000
34.4000000000 -117.0000000000
34.4266666667 -141.0000000000
34.4533333333 -170.0000000000
34.4800000000 -206.0000000000
34.5066666667 -248.0000000000
34.5333333333 -296.0000000000
34.5600000000 -349.0000000000
34.5866666667 -407.0000000000
34.6133333333 -466.0000000000
34.6400000000 -524.0000000000
34.6666666667 -580.0000000000
34.6933333333 -633.0000000000
34.7200000000 -680.0000000000
34.7466666667 -719.0000000000
34.7733333333 -747.0000000000
34.8000000000 -765.0000000000
34.8266666667 -770.0000000000
34.8533333333 -762.0000000000
34.8800000000 -740.0000000000
34.9066666667 -705.0000000000
34.9333333333 -657.0000000000
34.9600000000 -597.0000000000
34.9866666667 -527.0000000000
35.0133333333 -449.0000000000
35.0400000000 -365.0000000000
35.0666666667 -277.0000000000
35.0933333333 -188.0000000000
35.1200000000 -97.0000000000
35.1466666667 -13.0000000000
35.1733333333 62.0000000000
35.2000000000 133.0000000000
35.2266666667 196.0000000000
35.2533333333 252.0000000000
35.2800000000 299.0000000000
35.3066666667 336.0000000000
35.3333333333 365.0000000000
35.3600000000 385.0000000000
35.3866666667 397.0000000000
35.4133333333 403.0000000000
35.4400000000 402.0000000000
35.4666666667 397.0000000000
35.4933333333 387.0000000000
35.5200000000 373.0000000000
35.5466666667 355.0000000000
35.5733333333 335.0000000000
35.6000000000 312.0000000000
35.6266666667 288.0000000000
35.6533333333 262.0000000000
35.6800000000 237.0000000000
35.7066666667 213.0000000000
35.7333333333 189.0000000000
35.7600000000 167.0000000000
35.7866666667 146.0000000000
35.8133333333 126.0000000000
35.8400000000 106.0000000000
35.8666666667 87.0000000000
35.8933333333 69.0000000000
35.9200000000 51.0000000000
35.9466666667 31.0000000000
35.9733333333 11.0000000000
36.0000000000 -9.0000000000
36.0266666667 -33.0000000000
36.0533333333 -58.0000000000
36.0800000000 -85.0000000000
36.1066666667 -114.0000000000
36.1333333333 -144.0000000000
36.1600000000 -174.0000000000
36.1866666667 -206.0000000000
36.2133333333 -238.0000000000
36.2400000000 -269.0000000000
36.2666666667 -300.0000000000
36.2933333333 -331.0000000000
36.3200000000 -361.0000000000
36.3466666667 -390.0000000000
36.3733333333 -417.0000000000
36.4000000000 -442.0000000000
36.4266666667 -465.0000000000
36.4533333333 -484.0000000000
36.4800000000 -499.0000000000
36.5066666667 -511.0000000000
36.5333333333 -518.0000000000
36.5600000000 -520.0000000000
36.5866666667 -518.0000000000
36.6133333333 -511.0000000000
36.6400000000 -499.0000000000
36.6666666667 -482.0000000000
36.6933333333 -459.0000000000
36.7200000000 -430.0000000000
36.7466666667 -396.0000000000
36.7733333333 -357.0000000000
36.8000000000 -312.0000000000
36.8266666667 -264.0000000000
36.8533333333 -210.0000000000
36.8800000000 -154.0000000000
36.9066666667 -95.0000000000
36.9333333333 -35.0000000000
36.9600000000 25.0000000000
36.9866666667 88.0000000000
37.0133333333 149.0000000000
37.0400000000 208.0000000000
37.0666666667 265.0000000000
37.0933333333 319.0000000000
37.1200000000 368.0000000000
37.1466666667 410.0000000000
37.1733333333 444.0000000000
37.2000000000 469.0000000000
37.2266666667 485.0000000000
37.2533333333 491.0000000000
37.2800000000 485.0000000000
37.3066666667 469.0000000000
37.3333333333 441.0000000000
37.3600000000 404.0000000000
37.3866666667 355.0000000000
37.4133333333 299.0000000000
37.4400000000 236.0000000000
37.4666666667 168.0000000000
37.4933333333 97.0000000000
37.5200000000 25.0000000000
37.5466666667 -43.0000000000
37.5733333333 -108.0000000000
37.6000000000 -168.0000000000
37.6266666667 -219.0000000000
37.6533333333 -260.0000000000
37.6800000000 -291.0000000000
37.7066666667 -308.0000000000
37.7333333333 -315.0000000000
37.7600000000 -309.0000000000
37.7866666667 -291.0000000000
37.8133333333 -264.0000000000
37.8400000000 -229.0000000000
37.8666666667 -187.0000000000
37.8933333333 -141.0000000000
37.9200000000 -93.0000000000
37.9466666667 -48.0000000000
37.9733333333 -8.0000000000
38.0000000000 25.0000000000
38.0266666667 50.0000000000
38.0533333333 65.0000000000
38.0800000000 68.0000000000
38.1066666667 60.0000000000
38.1333333333 40.0000000000
38.1600000000 9.0000000000
38.1866666667 -31.0000000000
38.2133333333 -79.0000000000
38.2400000000 -132.0000000000
38.2666666667 -188.0000000000
38.2933333333 -244.0000000000
38.3200000000 -298.0000000000
38.3466666667 -346.0000000000
38.3733333333 -387.0000000000
38.4000000000 -420.0000000000
38.4266666667 -444.0000000000
38.4533333333 -457.0000000000
38.4800000000 -459.0000000000
38.5066666667 -449.0000000000
38.5333333333 -430.0000000000
38.5600000000 -400.0000000000
38.5866666667 -362.0000000000
38.6133333333 -317.0000000000
38.6400000000 -267.0000000000
38.6666666667 -214.0000000000
38.6933333333 -158.0000000000
38.7200000000 -102.0000000000
38.7466666667 -49.0000000000
38.7733333333 -1.0000000000
38.8000000000 43.0000000000
38.8266666667 82.0000000000
38.8533333333 116.0000000000
38.8800000000 145.0000000000
38.9066666667 167.0000000000
38.9333333333 185.0000000000
38.9600000000 197.0000000000
38.9866666667 203.0000000000
39.0133333333 206.0000000000
39.0400000000 204.0000000000
39.0666666667 199.0000000000
39.0933333333 190.0000000000
39.1200000000 178.0000000000
39.1466666667 164.0000000000
39.1733333333 147.0000000000
39.2000000000 129.0000000000
39.2266666667 108.0000000000
39.2533333333 86.0000000000
39.2800000000 64.0000000000
39.3066666667 43.0000000000
39.3333333333 22.0000000000
39.3600000000 4.0000000000
39.3866666667 -10.0000000000
39.4133333333 -21.0000000000
39.4400000000 -28.0000000000
39.4666666667 -30.0000000000
39.4933333333 -27.0000000000
39.5200000000 -19.0000000000
39.5466666667 -8.0000000000
39.5733333333 7.0000000000
39.6000000000 24.0000000000
39.6266666667 42.0000000000
39.6533333333 60.0000000000
39.6800000000 74.0000000000
39.7066666667 83.0000000000
39.7333333333 87.0000000000
39.7600000000 83.0000000000
39.7866666667 70.0000000000
39.8133333333 50.0000000000
39.8400000000 20.0000000000
39.8666666667 -19.0000000000
39.8933333333 -67.0000000000
39.9200000000 -124.0000000000
39.9466666667 -185.0000000000
39.9733333333 -250.0000000000
40.0000000000 -316.0000000000
40.0266666667 -380.0000000000
40.0533333333 -443.0000000000
40.0800000000 -498.0000000000
40.1066666667 -545.0000000000
40.1333333333 -582.0000000000
40.1600000000 -608.0000000000
40.1866666667 -621.0000000000
40.2133333333 -621.0000000000
40.2400000000 -608.0000000000
40.2666666667 -583.0000000000
40.2933333333 -548.0000000000
40.3200000000 -500.0000000000
40.3466666667 -444.0000000000
40.3733333333 -382.0000000000
40.4000000000 -313.0000000000
40.4266666667 -240.0000000000
40.4533333333 -163.0000000000
40.4800000000 -86.0000000000
40.5066666667 -9.0000000000
40.5333333333 64.0000000000
40.5600000000 138.0000000000
40.5866666667 211.0000000000
40.6133333333 279.0000000000
40.6400000000 342.0000000000
40.6666666667 401.0000000000
40.6933333333 453.0000000000
40.7200000000 498.0000000000
40.7466666667 535.0000000000
40.7733333333 561.0000000000
40.8000000000 578.0000000000
40.8266666667 583.0000000000
40.8533333333 578.0000000000
40.8800000000 561.0000000000
40.9066666667 535.0000000000
40.9333333333 499.0000000000
40.9600000000 455.0000000000
40.9866666667 404.0000000000
41.0133333333 349.0000000000
41.0400000000 292.0000000000
41.0666666667 235.0000000000
41.0933333333 181.0000000000
41.1200000000 130.0000000000
41.1466666667 87.0000000000
41.1733333333 52.0000000000
41.2000000000 26.0000000000
41.2266666667 9.0000000000
41.2533333333 1.0000000000
41.2800000000 2.0000000000
41.3066666667 11.0000000000
41.3333333333 27.0000000000
41.3600000000 47.0000000000
41.3866666667 70.0000000000
41.4133333333 94.0000000000
41.4400000000 114.0000000000
41.4666666667 131.0000000000
41.4933333333 140.0000000000
41.5200000000 141.0000000000
41.5466666667 131.0000000000
41.5733333333 110.0000000000
41.6000000000 78.0000000000
41.6266666667 35.0000000000
41.6533333333 -19.0000000000
41.6800000000 -82.0000000000
41.7066666667 -150.0000000000
41.7333333333 -223.0000000000
41.7600000000 -296.0000000000
41.7866666667 -368.0000000000
41.8133333333 -434.0000000000
41.8400000000 -490.0000000000
41.8666666667 -537.0000000000
41.8933333333 -570.0000000000
41.9200000000 -588.0000000000
41.9466666667 -591.0000000000
41.9733333333 -577.0000000000
42.0000000000 -548.0000000000
42.0266666667 -504.0000000000
42.0533333333 -445.0000000000
42.0800000000 -375.0000000000
42.1066666667 -296.0000000000
42.1333333333 -209.0000000000
42.1600000000 -117.0000000000
42.1866666667 -22.0000000000
42.2133333333 69.0000000000
42.2400000000 158.0000000000
42.2666666667 243.0000000000
42.2933333333 321.0000000000
42.3200000000 391.0000000000
42.3466666667 451.0000000000
42.3733333333 498.0000000000
42.4000000000 533.0000000000
42.4266666667 555.0000000000
42.4533333333 565.0000000000
42.4800000000 562.0000000000
42.5066666667 548.0000000000
42.5333333333 523.0000000000
42.5600000000 488.0000000000
42.5866666667 445.0000000000
42.6133333333 397.0000000000
42.6400000000 345.0000000000
42.6666666667 290.0000000000
42.6933333333 235.0000000000
42.7200000000 180.0000000000
42.7466666667 129.0000000000
42.7733333333 84.0000000000
42.8000000000 45.0000000000
42.8266666667 13.0000000000
42.8533333333 -11.0000000000
42.8800000000 -29.0000000000
42.9066666667 -39.0000000000
42.9333333333 -41.0000000000
42.9600000000 -36.0000000000
42.9866666667 -26.0000000000
43.0133333333 -11.0000000000
43.0400000000 7.0000000000
43.0666666667 29.0000000000
43.0933333333 53.0000000000
43.1200000000 79.0000000000
43.1466666667 105.0000000000
43.1733333333 130.0000000000
43.2000000000 154.0000000000
43.2266666667 175.0000000000
43.2533333333 194.0000000000
43.2800000000 208.0000000000
43.3066666667 217.0000000000
43.3333333333 222.0000000000
43.3600000000 221.0000000000
43.3866666667 212.0000000000
43.4133333333 199.0000000000
43.4400000000 179.0000000000
43.4666666667 154.0000000000
43.4933333333 124.0000000000
43.5200000000 89.0000000000
43.5466666667 52.0000000000
43.5733333333 14.0000000000
43.6000000000 -24.0000000000
43.6266666667 -62.0000000000
43.6533333333 -99.0000000000
43.6800000000 -130.0000000000
43.7066666667 -156.0000000000
43.7333333333 -175.0000000000
43.7600000000 -186.0000000000
43.7866666667 -190.0000000000
43.8133333333 -186.0000000000
43.8400000000 -174.0000000000
43.8666666667 -155.0000000000
43.8933333333 -128.0000000000
43.9200000000 -94.0000000000
43.9466666667 -55.0000000000
43.9733333333 -13.0000000000
44.0000000000 32.0000000000
44.0266666667 79.0000000000
44.0533333333 127.0000000000
44.0800000000 174.0000000000
44.1066666667 218.0000000000
44.1333333333 259.0000000000
44.1600000000 295.0000000000
44.1866666667 327.0000000000
44.2133333333 354.0000000000
44.2400000000 375.0000000000
44.2666666667 391.0000000000
44.2933333333 403.0000000000
44.3200000000 410.0000000000
44.3466666667 412.0000000000
44.3733333333 411.0000000000
44.4000000000 407.0000000000
44.4266666667 399.0000000000
44.4533333333 390.0000000000
44.4800000000 379.0000000000
44.5066666667 368.0000000000
44.5333333333 355.0000000000
44.5600000000 343.0000000000
44.5866666667 331.0000000000
44.6133333333 319.0000000000
44.6400000000 310.0000000000
44.6666666667 302.0000000000
44.6933333333 296.0000000000
44.7200000000 293.0000000000
44.7466666667 293.0000000000
44.7733333333 295.0000000000
44.8000000000 298.0000000000
44.8266666667 304.0000000000
44.8533333333 310.0000000000
44.8800000000 317.0000000000
44.9066666667 323.0000000000
44.9333333333 327.0000000000
44.9600000000 329.0000000000
44.9866666667 326.0000000000
45.0133333333 319.0000000000
45.0400000000 306.0000000000
45.0666666667 288.0000000000
45.0933333333 264.0000000000
45.1200000000 232.0000000000
45.1466666667 194.0000000000
45.1733333333 150.0000000000
45.2000000000 102.0000000000
45.2266666667 50.0000000000
45.2533333333 -5.0000000000
45.2800000000 -62.0000000000
45.3066666667 -120.0000000000
45.3333333333 -177.0000000000
45.3600000000 -229.0000000000
45.3866666667 -278.0000000000
45.4133333333 -319.0000000000
45.4400000000 -353.0000000000
45.4666666667 -378.0000000000
45.4933333333 -393.0000000000
45.5200000000 -400.0000000000
45.5466666667 -397.0000000000
45.5733333333 -384.0000000000
45.6000000000 -363.0000000000
45.6266666667 -334.0000000000
45.6533333333 -298.0000000000
45.6800000000 -258.0000000000
45.7066666667 -214.0000000000
45.7333333333 -167.0000000000
45.7600000000 -119.0000000000
45.7866666667 -71.0000000000
45.8133333333 -25.0000000000
45.8400000000 18.0000000000
45.8666666667 60.0000000000
45.8933333333 98.0000000000
45.9200000000 135.0000000000
45.9466666667 168.0000000000
45.9733333333 198.0000000000
46.0000000000 225.0000000000
46.0266666667 249.0000000000
46.0533333333 271.0000000000
46.0800000000 290.0000000000
46.1066666667 306.0000000000
46.1333333333 319.0000000000
46.1600000000 331.0000000000
46.1866666667 342.0000000000
46.2133333333 350.0000000000
46.2400000000 357.0000000000
46.2666666667 364.0000000000
46.2933333333 369.0000000000
46.3200000000 373.0000000000
46.3466666667 376.0000000000
46.3733333333 379.0000000000
46.4000000000 381.0000000000
46.4266666667 380.0000000000
46.4533333333 378.0000000000
46.4800000000 374.0000000000
46.5066666667 368.0000000000
46.5333333333 358.0000000000
46.5600000000 345.0000000000
46.5866666667 327.0000000000
46.6133333333 306.0000000000
46.6400000000 281.0000000000
46.6666666667 251.0000000000
46.6933333333 218.0000000000
46.7200000000 181.0000000000
46.7466666667 143.0000000000
46.7733333333 104.0000000000
46.8000000000 65.0000000000
46.8266666667 27.0000000000
46.8533333333 -10.0000000000
46.8800000000 -44.0000000000
46.9066666667 -75.0000000000
46.9333333333 -102.0000000000
46.9600000000 -125.0000000000
46.9866666667 -143.0000000000
47.0133333333 -155.0000000000
47.0400000000 -162.0000000000
47.0666666667 -164.0000000000
47.0933333333 -160.0000000000
47.1200000000 -151.0000000000
47.1466666667 -139.0000000000
47.1733333333 -122.0000000000
47.2000000000 -102.0000000000
47.2266666667 -81.0000000000
47.2533333333 -58.0000000000
47.2800000000 -36.0000000000
47.3066666667 -13.0000000000
47.3333333333 9.0000000000
47.3600000000 32.0000000000
47.3866666667 54.0000000000
47.4133333333 75.0000000000
47.4400000000 95.0000000000
47.4666666667 114.0000000000
47.4933333333 134.0000000000
47.5200000000 152.0000000000
47.5466666667 170.0000000000
47.5733333333 188.0000000000
47.6000000000 205.0000000000
47.6266666667 222.0000000000
47.6533333333 239.0000000000
47.6800000000 255.0000000000
47.7066666667 270.0000000000
47.7333333333 284.0000000000
47.7600000000 297.0000000000
47.7866666667 309.0000000000
47.8133333333 317.0000000000
47.8400000000 323.0000000000
47.8666666667 324.0000000000
47.8933333333 323.0000000000
47.9200000000 317.0000000000
47.9466666667 310.0000000000
47.9733333333 299.0000000000
48.0000000000 286.0000000000
48.0266666667 271.0000000000
48.0533333333 255.0000000000
48.0800000000 238.0000000000
48.1066666667 221.0000000000
48.1333333333 204.0000000000
48.1600000000 188.0000000000
48.1866666667 174.0000000000
48.2133333333 162.0000000000
48.2400000000 152.0000000000
48.2666666667 143.0000000000
48.2933333333 136.0000000000
48.3200000000 130.0000000000
48.3466666667 125.0000000000
48.3733333333 119.0000000000
48.4000000000 113.0000000000
48.4266666667 105.0000000000
48.4533333333 96.0000000000
48.4800000000 86.0000000000
48.5066666667 74.0000000000
48.5333333333 60.0000000000
48.5600000000 45.0000000000
48.5866666667 26.0000000000
48.6133333333 6.0000000000
48.6400000000 -15.0000000000
48.6666666667 -38.0000000000
48.6933333333 -62.0000000000
48.7200000000 -87.0000000000
48.7466666667 -110.0000000000
48.7733333333 -133.0000000000
48.8000000000 -154.0000000000
48.8266666667 -173.0000000000
48.8533333333 -189.0000000000
48.8800000000 -202.0000000000
48.9066666667 -210.0000000000
48.9333333333 -215.0000000000
48.9600000000 -216.0000000000
48.9866666667 -213.0000000000
49.0133333333 -207.0000000000
49.0400000000 -198.0000000000
49.0666666667 -186.0000000000
49.0933333333 -173.0000000000
49.1200000000 -160.0000000000
49.1466666667 -146.0000000000
49.1733333333 -131.0000000000
49.2000000000 -118.0000000000
49.2266666667 -105.0000000000
49.2533333333 -94.0000000000
49.2800000000 -84.0000000000
49.3066666667 -77.0000000000
49.3333333333 -71.0000000000
49.3600000000 -67.0000000000
49.3866666667 -65.0000000000
49.4133333333 -63.0000000000
49.4400000000 -62.0000000000
49.4666666667 -61.0000000000
49.4933333333 -59.0000000000
49.5200000000 -56.0000000000
49.5466666667 -53.0000000000
49.5733333333 -48.0000000000
49.6000000000 -41.0000000000
49.6266666667 -31.0000000000
49.6533333333 -20.0000000000
49.6800000000 -6.0000000000
49.7066666667 9.0000000000
49.7333333333 28.0000000000
49.7600000000 47.0000000000
49.7866666667 68.0000000000
49.8133333333 89.0000000000
49.8400000000 111.0000000000
49.8666666667 133.0000000000
49.8933333333 155.0000000000
49.9200000000 175.0000000000
49.9466666667 195.0000000000
49.9733333333 212.0000000000
50.0000000000 227.0000000000
50.0266666667 238.0000000000
50.0533333333 246.0000000000
50.0800000000 251.0000000000
50.1066666667 250.0000000000
50.1333333333 246.0000000000
50.1600000000 237.0000000000
50.1866666667 224.0000000000
50.2133333333 206.0000000000
50.2400000000 184.0000000000
50.2666666667 158.0000000000
50.2933333333 128.0000000000
50.3200000000 94.0000000000
50.3466666667 57.0000000000
50.3733333333 20.0000000000
50.4000000000 -19.0000000000
50.4266666667 -58.0000000000
50.4533333333 -98.0000000000
50.4800000000 -136.0000000000
50.5066666667 -170.0000000000
50.5333333333 -202.0000000000
50.5600000000 -231.0000000000
50.5866666667 -255.0000000000
50.6133333333 -274.0000000000
50.6400000000 -287.0000000000
50.6666666667 -297.0000000000
50.6933333333 -302.0000000000
50.7200000000 -302.0000000000
50.7466666667 -298.0000000000
50.7733333333 -293.0000000000
50.8000000000 -286.0000000000
50.8266666667 -278.0000000000
50.8533333333 -271.0000000000
50.8800000000 -265.0000000000
50.9066666667 -260.0000000000
50.9333333333 -257.0000000000
50.9600000000 -256.0000000000
50.9866666667 -255.0000000000
51.0133333333 -257.0000000000
51.0400000000 -257.0000000000
51.0666666667 -257.0000000000
51.0933333333 -254.0000000000
51.1200000000 -247.0000000000
51.1466666667 -237.0000000000
51.1733333333 -221.0000000000
51.2000000000 -200.0000000000
51.2266666667 -173.0000000000
51.2533333333 -141.0000000000
51.2800000000 -105.0000000000
51.3066666667 -66.0000000000
51.3333333333 -25.0000000000
51.3600000000 16.0000000000
51.3866666667 60.0000000000
51.4133333333 101.0000000000
51.4400000000 140.0000000000
51.4666666667 177.0000000000
51.4933333333 210.0000000000
51.5200000000 238.0000000000
51.5466666667 261.0000000000
51.5733333333 278.0000000000
51.6000000000 290.0000000000
51.6266666667 295.0000000000
51.6533333333 296.0000000000
51.6800000000 291.0000000000
51.7066666667 281.0000000000
51.7333333333 266.0000000000
51.7600000000 247.0000000000
51.7866666667 223.0000000000
51.8133333333 196.0000000000
51.8400000000 167.0000000000
51.8666666667 135.0000000000
51.8933333333 102.0000000000
51.9200000000 67.0000000000
51.9466666667 31.0000000000
51.9733333333 -3.0000000000
52.0000000000 -40.0000000000
52.0266666667 -75.0000000000
52.0533333333 -111.0000000000
52.0800000000 -145.0000000000
52.1066666667 -177.0000000000
52.1333333333 -206.0000000000
52.1600000000 -232.0000000000
52.1866666667 -256.0000000000
52.2133333333 -277.0000000000
52.2400000000 -294.0000000000
52.2666666667 -308.0000000000
52.2933333333 -319.0000000000
52.3200000000 -325.0000000000
52.3466666667 -327.0000000000
52.3733333333 -325.0000000000
52.4000000000 -320.0000000000
52.4266666667 -310.0000000000
52.4533333333 -298.0000000000
52.4800000000 -283.0000000000
52.5066666667 -268.0000000000
52.5333333333 -251.0000000000
52.5600000000 -233.0000000000
52.5866666667 -216.0000000000
52.6133333333 -200.0000000000
52.6400000000 -186.0000000000
52.6666666667 -174.0000000000
52.6933333333 -165.0000000000
52.7200000000 -159.0000000000
52.7466666667 -156.0000000000
52.7733333333 -155.0000000000
52.8000000000 -156.0000000000
52.8266666667 -160.0000000000
52.8533333333 -165.0000000000
52.8800000000 -171.0000000000
52.9066666667 -178.0000000000
52.9333333333 -184.0000000000
52.9600000000 -189.0000000000
52.9866666667 -193.0000000000
53.0133333333 -193.0000000000
53.0400000000 -190.0000000000
53.0666666667 -184.0000000000
53.0933333333 -174.0000000000
53.1200000000 -160.0000000000
53.1466666667 -143.0000000000
53.1733333333 -124.0000000000
53.2000000000 -102.0000000000
53.2266666667 -78.0000000000
53.2533333333 -54.0000000000
53.2800000000 -28.0000000000
53.3066666667 -4.0000000000
53.3333333333 19.0000000000
53.3600000000 42.0000000000
53.3866666667 63.0000000000
53.4133333333 81.0000000000
53.4400000000 96.0000000000
53.4666666667 109.0000000000
53.4933333333 118.0000000000
53.5200000000 122.0000000000
53.5466666667 122.0000000000
53.5733333333 116.0000000000
53.6000000000 107.0000000000
53.6266666667 93.0000000000
53.6533333333 75.0000000000
53.6800000000 54.0000000000
53.7066666667 30.0000000000
53.7333333333 2.0000000000
53.7600000000 -26.0000000000
53.7866666667 -55.0000000000
53.8133333333 -83.0000000000
53.8400000000 -110.0000000000
53.8666666667 -134.0000000000
53.8933333333 -155.0000000000
53.9200000000 -172.0000000000
53.9466666667 -183.0000000000
53.9733333333 -190.0000000000
54.0000000000 -191.0000000000
54.0266666667 -188.0000000000
54.0533333333 -180.0000000000
54.0800000000 -168.0000000000
54.1066666667 -152.0000000000
54.1333333333 -133.0000000000
54.1600000000 -113.0000000000
54.1866666667 -90.0000000000
54.2133333333 -70.0000000000
54.2400000000 -50.0000000000
54.2666666667 -31.0000000000
54.2933333333 -16.0000000000
54.3200000000 -3.0000000000
54.3466666667 4.0000000000
54.3733333333 9.0000000000
54.4000000000 10.0000000000
54.4266666667 6.0000000000
54.4533333333 0.0000000000
54.4800000000 -10.0000000000
54.5066666667 -22.0000000000
54.5333333333 -36.0000000000
54.5600000000 -50.0000000000
54.5866666667 -64.0000000000
54.6133333333 -77.0000000000
54.6400000000 -89.0000000000
54.6666666667 -97.0000000000
54.6933333333 -103.0000000000
54.7200000000 -105.0000000000
54.7466666667 -102.0000000000
54.7733333333 -94.0000000000
54.8000000000 -81.0000000000
54.8266666667 -64.0000000000
54.8533333333 -41.0000000000
54.8800000000 -14.0000000000
54.9066666667 16.0000000000
54.9333333333 51.0000000000
54.9600000000 90.0000000000
54.9866666667 132.0000000000
55.0133333333 176.0000000000
55.0400000000 220.0000000000
55.0666666667 265.0000000000
55.0933333333 309.0000000000
55.1200000000 353.0000000000
55.1466666667 394.0000000000
55.1733333333 431.0000000000
55.2000000000 466.0000000000
55.2266666667 497.0000000000
55.2533333333 526.0000000000
55.2800000000 549.0000000000
55.3066666667 568.0000000000
55.3333333333 583.0000000000
55.3600000000 593.0000000000
55.3866666667 599.0000000000
55.4133333333 600.0000000000
55.4400000000 597.0000000000
55.4666666667 591.0000000000
55.4933333333 582.0000000000
55.5200000000 570.0000000000
55.5466666667 555.0000000000
55.5733333333 539.0000000000
55.6000000000 521.0000000000
55.6266666667 502.0000000000
55.6533333333 482.0000000000
55.6800000000 462.0000000000
55.7066666667 442.0000000000
55.7333333333 422.0000000000
55.7600000000 402.0000000000
55.7866666667 380.0000000000
55.8133333333 360.0000000000
55.8400000000 339.0000000000
55.8666666667 317.0000000000
55.8933333333 296.0000000000
55.9200000000 273.0000000000
55.9466666667 251.0000000000
55.9733333333 230.0000000000
56.0000000000 211.0000000000
56.0266666667 192.0000000000
56.0533333333 175.0000000000
56.0800000000 159.0000000000
56.1066666667 146.0000000000
56.1333333333 134.0000000000
56.1600000000 125.0000000000
56.1866666667 118.0000000000
56.2133333333 114.0000000000
56.2400000000 112.0000000000
56.2666666667 111.0000000000
56.2933333333 113.0000000000
56.3200000000 115.0000000000
56.3466666667 120.0000000000
56.3733333333 125.0000000000
56.4000000000 131.0000000000
56.4266666667 138.0000000000
56.4533333333 146.0000000000
56.4800000000 153.0000000000
56.5066666667 161.0000000000
56.5333333333 171.0000000000
56.5600000000 180.0000000000
56.5866666667 191.0000000000
56.6133333333 203.0000000000
56.6400000000 214.0000000000
56.6666666667 227.0000000000
56.6933333333 240.0000000000
56.7200000000 254.0000000000
56.7466666667 269.0000000000
56.7733333333 283.0000000000
56.8000000000 296.0000000000
56.8266666667 308.0000000000
56.8533333333 318.0000000000
56.8800000000 327.0000000000
56.9066666667 333.0000000000
56.9333333333 337.0000000000
56.9600000000 339.0000000000
56.9866666667 337.0000000000
57.0133333333 332.0000000000
57.0400000000 324.0000000000
57.0666666667 312.0000000000
57.0933333333 297.0000000000
57.1200000000 277.0000000000
57.1466666667 256.0000000000
57.1733333333 231.0000000000
57.2000000000 203.0000000000
57.2266666667 174.0000000000
57.2533333333 142.0000000000
57.2800000000 110.0000000000
57.3066666667 78.0000000000
57.3333333333 45.0000000000
57.3600000000 14.0000000000
57.3866666667 -16.0000000000
57.4133333333 -45.0000000000
57.4400000000 -73.0000000000
57.4666666667 -99.0000000000
57.4933333333 -123.0000000000
57.5200000000 -146.0000000000
57.5466666667 -165.0000000000
57.5733333333 -182.0000000000
57.6000000000 -197.0000000000
57.6266666667 -209.0000000000
57.6533333333 -219.0000000000
57.6800000000 -227.0000000000
57.7066666667 -234.0000000000
57.7333333333 -238.0000000000
57.7600000000 -241.0000000000
57.7866666667 -243.0000000000
57.8133333333 -243.0000000000
57.8400000000 -242.0000000000
57.8666666667 -240.0000000000
57.8933333333 -237.0000000000
57.9200000000 -233.0000000000
57.9466666667 -227.0000000000
57.9733333333 -220.0000000000
58.0000000000 -210.0000000000
58.0266666667 -200.0000000000
58.0533333333 -188.0000000000
58.0800000000 -175.0000000000
58.1066666667 -162.0000000000
58.1333333333 -147.0000000000
58.1600000000 -131.0000000000
58.1866666667 -113.0000000000
58.2133333333 -94.0000000000
58.2400000000 -74.0000000000
58.2666666667 -53.0000000000
58.2933333333 -32.0000000000
58.3200000000 -9.0000000000
58.3466666667 14.0000000000
58.3733333333 38.0000000000
58.4000000000 61.0000000000
58.4266666667 85.0000000000
58.4533333333 109.0000000000
58.4800000000 132.0000000000
58.5066666667 153.0000000000
58.5333333333 173.0000000000
58.5600000000 190.0000000000
58.5866666667 204.0000000000
58.6133333333 216.0000000000
58.6400000000 225.0000000000
58.6666666667 232.0000000000
58.6933333333 236.0000000000
58.7200000000 238.0000000000
58.7466666667 238.0000000000
58.7733333333 237.0000000000
58.8000000000 236.0000000000
58.8266666667 235.0000000000
58.8533333333 236.0000000000
58.8800000000 238.0000000000
58.9066666667 240.0000000000
58.9333333333 244.0000000000
58.9600000000 249.0000000000
58.9866666667 256.0000000000
59.0133333333 263.0000000000
59.0400000000 270.0000000000
59.0666666667 276.0000000000
59.0933333333 281.0000000000
59.1200000000 284.0000000000
59.1466666667 284.0000000000
59.1733333333 282.0000000000
59.2000000000 276.0000000000
59.2266666667 266.0000000000
59.2533333333 252.0000000000
59.2800000000 236.0000000000
59.3066666667 217.0000000000
59.3333333333 196.0000000000
59.3600000000 172.0000000000
59.3866666667 147.0000000000
59.4133333333 122.0000000000
59.4400000000 97.0000000000
59.4666666667 73.0000000000
59.4933333333 50.0000000000
59.5200000000 29.0000000000
59.5466666667 9.0000000000
59.5733333333 -8.0000000000
59.6000000000 -24.0000000000
59.6266666667 -38.0000000000
59.6533333333 -51.0000000000
59.6800000000 -63.0000000000
59.7066666667 -72.0000000000
59.7333333333 -81.0000000000
59.7600000000 -88.0000000000
59.7866666667 -95.0000000000
59.8133333333 -101.0000000000
59.8400000000 -106.0000000000
59.8666666667 -110.0000000000
59.8933333333 -114.0000000000
59.9200000000 -117.0000000000
59.9466666667 -120.0000000000
59.9733333333 -123.0000000000
60.0000000000 -125.0000000000
60.0266666667 -127.0000000000
60.0533333333 -129.0000000000
60.0800000000 -129.0000000000
60.1066666667 -128.0000000000
60.1333333333 -125.0000000000
60.1600000000 -121.0000000000
60.1866666667 -115.0000000000
60.2133333333 -107.0000000000
60.2400000000 -96.0000000000
60.2666666667 -83.0000000000
60.2933333333 -69.0000000000
60.3200000000 -51.0000000000
60.3466666667 -32.0000000000
60.3733333333 -12.0000000000
60.4000000000 9.0000000000
60.4266666667 32.0000000000
60.4533333333 55.0000000000
60.4800000000 79.0000000000
60.5066666667 102.0000000000
60.5333333333 124.0000000000
60.5600000000 145.0000000000
60.5866666667 165.0000000000
60.6133333333 183.0000000000
60.6400000000 198.0000000000
60.6666666667 211.0000000000
60.6933333333 222.0000000000
60.7200000000 230.0000000000
60.7466666667 235.0000000000
60.7733333333 235.0000000000
60.8000000000 233.0000000000
60.8266666667 227.0000000000
60.8533333333 216.0000000000
60.8800000000 202.0000000000
60.9066666667 184.0000000000
60.9333333333 163.0000000000
60.9600000000 139.0000000000
60.9866666667 111.0000000000
61.0133333333 83.0000000000
61.0400000000 52.0000000000
61.0666666667 21.0000000000
61.0933333333 -10.0000000000
61.1200000000 -42.0000000000
61.1466666667 -72.0000000000
61.1733333333 -99.0000000000
61.2000000000 -125.0000000000
61.2266666667 -147.0000000000
61.2533333333 -165.0000000000
61.2800000000 -178.0000000000
61.3066666667 -187.0000000000
61.3333333333 -193.0000000000
61.3600000000 -194.0000000000
61.3866666667 -191.0000000000
61.4133333333 -185.0000000000
61.4400000000 -177.0000000000
61.4666666667 -166.0000000000
61.4933333333 -154.0000000000
61.5200000000 -139.0000000000
61.5466666667 -123.0000000000
61.5733333333 -107.0000000000
61.6000000000 -91.0000000000
61.6266666667 -75.0000000000
61.6533333333 -60.0000000000
61.6800000000 -44.0000000000
61.7066666667 -29.0000000000
61.7333333333 -12.0000000000
61.7600000000 3.0000000000
61.7866666667 20.0000000000
61.8133333333 38.0000000000
61.8400000000 56.0000000000
61.8666666667 75.0000000000
61.8933333333 96.0000000000
61.9200000000 119.0000000000
61.9466666667 144.0000000000
61.9733333333 170.0000000000
62.0000000000 197.0000000000
62.0266666667 225.0000000000
62.0533333333 254.0000000000
62.0800000000 283.0000000000
62.1066666667 311.0000000000
62.1333333333 339.0000000000
62.1600000000 365.0000000000
62.1866666667 391.0000000000
62.2133333333 414.0000000000
62.2400000000 436.0000000000
62.2666666667 455.0000000000
62.2933333333 472.0000000000
62.3200000000 488.0000000000
62.3466666667 501.0000000000
62.3733333333 512.0000000000
62.4000000000 522.0000000000
62.4266666667 530.0000000000
62.4533333333 537.0000000000
62.4800000000 542.0000000000
62.5066666667 546.0000000000
62.5333333333 547.0000000000
62.5600000000 546.0000000000
62.5866666667 543.0000000000
62.6133333333 537.0000000000
62.6400000000 527.0000000000
62.6666666667 514.0000000000
62.6933333333 497.0000000000
62.7200000000 475.0000000000
62.7466666667 449.0000000000
62.7733333333 419.0000000000
62.8000000000 385.0000000000
62.8266666667 347.0000000000
62.8533333333 306.0000000000
62.8800000000 263.0000000000
62.9066666667 220.0000000000
62.9333333333 175.0000000000
62.9600000000 130.0000000000
62.9866666667 86.0000000000
63.0133333333 45.0000000000
63.0400000000 7.0000000000
63.0666666667 -27.0000000000
63.0933333333 -59.0000000000
63.1200000000 -86.0000000000
63.1466666667 -109.0000000000
63.1733333333 -128.0000000000
63.2000000000 -142.0000000000
63.2266666667 -154.0000000000
63.2533333333 -162.0000000000
63.2800000000 -168.0000000000
63.3066666667 -171.0000000000
63.3333333333 -172.0000000000
63.3600000000 -173.0000000000
63.3866666667 -174.0000000000
63.4133333333 -175.0000000000
63.4400000000 -177.0000000000
63.4666666667 -180.0000000000
63.4933333333 -185.0000000000
63.5200000000 -192.0000000000
63.5466666667 -200.0000000000
63.5733333333 -208.0000000000
63.6000000000 -217.0000000000
63.6266666667 -226.0000000000
63.6533333333 -234.0000000000
63.6800000000 -242.0000000000
63.7066666667 -248.0000000000
63.7333333333 -253.0000000000
63.7600000000 -255.0000000000
63.7866666667 -256.0000000000
63.8133333333 -253.0000000000
63.8400000000 -248.0000000000
63.8666666667 -241.0000000000
63.8933333333 -230.0000000000
63.9200000000 -217.0000000000
63.9466666667 -201.0000000000
63.9733333333 -184.0000000000
64.0000000000 -165.0000000000
64.0266666667 -145.0000000000
64.0533333333 -123.0000000000
64.0800000000 -101.0000000000
64.1066666667 -80.0000000000
64.1333333333 -57.0000000000
64.1600000000 -35.0000000000
64.1866666667 -11.0000000000
64.2133333333 11.0000000000
64.2400000000 35.0000000000
64.2666666667 59.0000000000
64.2933333333 83.0000000000
64.3200000000 107.0000000000
64.3466666667 131.0000000000
64.3733333333 156.0000000000
64.4000000000 180.0000000000
64.4266666667 204.0000000000
64.4533333333 227.0000000000
64.4800000000 248.0000000000
64.5066666667 269.0000000000
64.5333333333 288.0000000000
64.5600000000 305.0000000000
64.5866666667 321.0000000000
64.6133333333 334.0000000000
64.6400000000 346.0000000000
64.6666666667 357.0000000000
64.6933333333 367.0000000000
64.7200000000 374.0000000000
64.7466666667 380.0000000000
64.7733333333 385.0000000000
64.8000000000 388.0000000000
64.8266666667 390.0000000000
64.8533333333 390.0000000000
64.8800000000 389.0000000000
64.9066666667 386.0000000000
64.9333333333 383.0000000000
64.9600000000 379.0000000000
64.9866666667 375.0000000000
65.0133333333 371.0000000000
65.0400000000 368.0000000000
65.0666666667 364.0000000000
65.0933333333 362.0000000000
65.1200000000 360.0000000000
65.1466666667 361.0000000000
65.1733333333 361.0000000000
65.2000000000 364.0000000000
65.2266666667 369.0000000000
65.2533333333 375.0000000000
65.2800000000 382.0000000000
65.3066666667 391.0000000000
65.3333333333 401.0000000000
65.3600000000 412.0000000000
65.3866666667 425.0000000000
65.4133333333 437.0000000000
65.4400000000 450.0000000000
65.4666666667 463.0000000000
65.4933333333 476.0000000000
65.5200000000 489.0000000000
65.5466666667 501.0000000000
65.5733333333 512.0000000000
65.6000000000 523.0000000000
65.6266666667 533.0000000000
65.6533333333 542.0000000000
65.6800000000 550.0000000000
65.7066666667 557.0000000000
65.7333333333 563.0000000000
65.7600000000 569.0000000000
65.7866666667 573.0000000000
65.8133333333 575.0000000000
65.8400000000 576.0000000000
65.8666666667 577.0000000000
65.8933333333 576.0000000000
65.9200000000 574.0000000000
65.9466666667 571.0000000000
65.9733333333 568.0000000000
66.0000000000 564.0000000000
66.0266666667 560.0000000000
66.0533333333 555.0000000000
66.0800000000 551.0000000000
66.1066666667 548.0000000000
66.1333333333 545.0000000000
66.1600000000 542.0000000000
66.1866666667 539.0000000000
66.2133333333 536.0000000000
66.2400000000 534.0000000000
66.2666666667 529.0000000000
66.2933333333 523.0000000000
66.3200000000 515.0000000000
66.3466666667 505.0000000000
66.3733333333 492.0000000000
66.4000000000 476.0000000000
66.4266666667 456.0000000000
66.4533333333 433.0000000000
66.4800000000 407.0000000000
66.5066666667 378.0000000000
66.5333333333 346.0000000000
66.5600000000 313.0000000000
66.5866666667 277.0000000000
66.6133333333 242.0000000000
66.6400000000 206.0000000000
66.6666666667 171.0000000000
66.6933333333 138.0000000000
66.7200000000 106.0000000000
66.7466666667 78.0000000000
66.7733333333 54.0000000000
66.8000000000 33.0000000000
66.8266666667 17.0000000000
66.8533333333 5.0000000000
66.8800000000 -2.0000000000
66.9066666667 -4.0000000000
66.9333333333 -3.0000000000
66.9600000000 1.0000000000
66.9866666667 9.0000000000
67.0133333333 20.0000000000
67.0400000000 32.0000000000
67.0666666667 45.0000000000
67.0933333333 59.0000000000
67.1200000000 74.0000000000
67.1466666667 89.0000000000
67.1733333333 103.0000000000
67.2000000000 118.0000000000
67.2266666667 132.0000000000
67.2533333333 145.0000000000
67.2800000000 156.0000000000
67.3066666667 166.0000000000
67.3333333333 175.0000000000
67.3600000000 182.0000000000
67.3866666667 187.0000000000
67.4133333333 191.0000000000
67.4400000000 194.0000000000
67.4666666667 195.0000000000
67.4933333333 193.0000000000
67.5200000000 192.0000000000
67.5466666667 188.0000000000
67.5733333333 184.0000000000
67.6000000000 178.0000000000
67.6266666667 172.0000000000
67.6533333333 164.0000000000
67.6800000000 157.0000000000
67.7066666667 148.0000000000
67.7333333333 139.0000000000
67.7600000000 130.0000000000
67.7866666667 120.0000000000
67.8133333333 111.0000000000
67.8400000000 103.0000000000
67.8666666667 95.0000000000
67.8933333333 89.0000000000
67.9200000000 83.0000000000
67.9466666667 78.0000000000
67.9733333333 74.0000000000
68.0000000000 70.0000000000
68.0266666667 65.0000000000
68.0533333333 60.0000000000
68.0800000000 54.0000000000
68.1066666667 46.0000000000
68.1333333333 38.0000000000
68.1600000000 28.0000000000
68.1866666667 17.0000000000
68.2133333333 5.0000000000
68.2400000000 -7.0000000000
68.2666666667 -22.0000000000
68.2933333333 -37.0000000000
68.3200000000 -53.0000000000
68.3466666667 -69.0000000000
68.3733333333 -84.0000000000
68.4000000000 -99.0000000000
68.4266666667 -113.0000000000
68.4533333333 -125.0000000000
68.4800000000 -136.0000000000
68.5066666667 -146.0000000000
68.5333333333 -153.0000000000
68.5600000000 -158.0000000000
68.5866666667 -161.0000000000
68.6133333333 -161.0000000000
68.6400000000 -159.0000000000
68.6666666667 -154.0000000000
68.6933333333 -148.0000000000
68.7200000000 -140.0000000000
68.7466666667 -130.0000000000
68.7733333333 -119.0000000000
68.8000000000 -107.0000000000
68.8266666667 -95.0000000000
68.8533333333 -83.0000000000
68.8800000000 -71.0000000000
68.9066666667 -61.0000000000
68.9333333333 -52.0000000000
68.9600000000 -46.0000000000
68.9866666667 -42.0000000000
69.0133333333 -40.0000000000
69.0400000000 -41.0000000000
69.0666666667 -46.0000000000
69.0933333333 -53.0000000000
69.1200000000 -63.0000000000
69.1466666667 -75.0000000000
69.1733333333 -89.0000000000
69.2000000000 -104.0000000000
69.2266666667 -120.0000000000
69.2533333333 -136.0000000000
69.2800000000 -151.0000000000
69.3066666667 -165.0000000000
69.3333333333 -178.0000000000
69.3600000000 -189.0000000000
69.3866666667 -197.0000000000
69.4133333333 -202.0000000000
69.4400000000 -203.0000000000
69.4666666667 -201.0000000000
69.4933333333 -195.0000000000
69.5200000000 -185.0000000000
69.5466666667 -174.0000000000
69.5733333333 -161.0000000000
69.6000000000 -147.0000000000
69.6266666667 -131.0000000000
69.6533333333 -115.0000000000
69.6800000000 -99.0000000000
69.7066666667 -86.0000000000
69.7333333333 -74.0000000000
69.7600000000 -65.0000000000
69.7866666667 -60.0000000000
69.8133333333 -58.0000000000
69.8400000000 -60.0000000000
69.8666666667 -65.0000000000
69.8933333333 -75.0000000000
69.9200000000 -89.0000000000
69.9466666667 -106.0000000000
69.9733333333 -127.0000000000
70.0000000000 -150.0000000000
70.0266666667 -176.0000000000
70.0533333333 -204.0000000000
70.0800000000 -232.0000000000
70.1066666667 -260.0000000000
70.1333333333 -288.0000000000
70.1600000000 -314.0000000000
70.1866666667 -339.0000000000
70.2133333333 -360.0000000000
70.2400000000 -379.0000000000
70.2666666667 -394.0000000000
70.2933333333 -406.0000000000
70.3200000000 -414.0000000000
70.3466666667 -419.0000000000
70.3733333333 -422.0000000000
70.4000000000 -421.0000000000
70.4266666667 -418.0000000000
70.4533333333 -412.0000000000
70.4800000000 -405.0000000000
70.5066666667 -396.0000000000
70.5333333333 -386.0000000000
70.5600000000 -376.0000000000
70.5866666667 -365.0000000000
70.6133333333 -355.0000000000
70.6400000000 -346.0000000000
70.6666666667 -338.0000000000
70.6933333333 -332.0000000000
70.7200000000 -328.0000000000
70.7466666667 -326.0000000000
70.7733333333 -325.0000000000
70.8000000000 -326.0000000000
70.8266666667 -328.0000000000
70.8533333333 -330.0000000000
70.8800000000 -335.0000000000
70.9066666667 -338.0000000000
70.9333333333 -341.0000000000
70.9600000000 -343.0000000000
70.9866666667 -343.0000000000
71.0133333333 -343.0000000000
71.0400000000 -340.0000000000
71.0666666667 -334.0000000000
71.0933333333 -326.0000000000
71.1200000000 -315.0000000000
71.1466666667 -302.0000000000
71.1733333333 -286.0000000000
71.2000000000 -269.0000000000
71.2266666667 -249.0000000000
71.2533333333 -227.0000000000
71.2800000000 -205.0000000000
71.3066666667 -182.0000000000
71.3333333333 -160.0000000000
71.3600000000 -138.0000000000
71.3866666667 -118.0000000000
71.4133333333 -99.0000000000
71.4400000000 -83.0000000000
71.4666666667 -70.0000000000
71.4933333333 -60.0000000000
71.5200000000 -53.0000000000
71.5466666667 -51.0000000000
71.5733333333 -52.0000000000
71.6000000000 -57.0000000000
71.6266666667 -65.0000000000
71.6533333333 -77.0000000000
71.6800000000 -91.0000000000
71.7066666667 -106.0000000000
71.7333333333 -124.0000000000
71.7600000000 -142.0000000000
71.7866666667 -161.0000000000
71.8133333333 -180.0000000000
71.8400000000 -199.0000000000
71.8666666667 -218.0000000000
71.8933333333 -235.0000000000
71.9200000000 -251.0000000000
71.9466666667 -266.0000000000
71.9733333333 -278.0000000000
72.0000000000 -287.0000000000
72.0266666667 -293.0000000000
72.0533333333 -297.0000000000
72.0800000000 -298.0000000000
72.1066666667 -296.0000000000
72.1333333333 -291.0000000000
72.1600000000 -283.0000000000
72.1866666667 -271.0000000000
72.2133333333 -258.0000000000
72.2400000000 -243.0000000000
72.2666666667 -226.0000000000
72.2933333333 -207.0000000000
72.3200000000 -187.0000000000
72.3466666667 -166.0000000000
72.3733333333 -144.0000000000
72.4000000000 -121.0000000000
72.4266666667 -98.0000000000
72.4533333333 -76.0000000000
72.4800000000 -54.0000000000
72.5066666667 -33.0000000000
72.5333333333 -13.0000000000
72.5600000000 5.0000000000
72.5866666667 22.0000000000
72.6133333333 39.0000000000
72.6400000000 54.0000000000
72.6666666667 67.0000000000
72.6933333333 78.0000000000
72.7200000000 87.0000000000
72.7466666667 95.0000000000
72.7733333333 100.0000000000
72.8000000000 104.0000000000
72.8266666667 107.0000000000
72.8533333333 109.0000000000
72.8800000000 109.0000000000
72.9066666667 109.0000000000
72.9333333333 108.0000000000
72.9600000000 107.0000000000
72.9866666667 107.0000000000
73.0133333333 106.0000000000
73.0400000000 105.0000000000
73.0666666667 104.0000000000
73.0933333333 104.0000000000
73.1200000000 104.0000000000
73.1466666667 104.0000000000
73.1733333333 104.0000000000
73.2000000000 104.0000000000
73.2266666667 104.0000000000
73.2533333333 103.0000000000
73.2800000000 103.0000000000
73.3066666667 102.0000000000
73.3333333333 101.0000000000
73.3600000000 100.0000000000
73.3866666667 98.0000000000
73.4133333333 97.0000000000
73.4400000000 95.0000000000
73.4666666667 93.0000000000
73.4933333333 92.0000000000
73.5200000000 90.0000000000
73.5466666667 90.0000000000
73.5733333333 89.0000000000
73.6000000000 90.0000000000
73.6266666667 92.0000000000
73.6533333333 94.0000000000
73.6800000000 97.0000000000
73.7066666667 102.0000000000
73.7333333333 108.0000000000
73.7600000000 115.0000000000
73.7866666667 123.0000000000
73.8133333333 132.0000000000
73.8400000000 142.0000000000
73.8666666667 152.0000000000
73.8933333333 162.0000000000
73.9200000000 172.0000000000
73.9466666667 183.0000000000
73.9733333333 194.0000000000
74.0000000000 205.0000000000
74.0266666667 215.0000000000
74.0533333333 224.0000000000
74.0800000000 233.0000000000
74.1066666667 242.0000000000
74.1333333333 250.0000000000
74.1600000000 258.0000000000
74.1866666667 265.0000000000
74.2133333333 272.0000000000
74.2400000000 279.0000000000
74.2666666667 285.0000000000
74.2933333333 292.0000000000
74.3200000000 299.0000000000
74.3466666667 306.0000000000
74.3733333333 313.0000000000
74.4000000000 320.0000000000
74.4266666667 326.0000000000
74.4533333333 333.0000000000
74.4800000000 339.0000000000
74.5066666667 344.0000000000
74.5333333333 349.0000000000
74.5600000000 352.0000000000
74.5866666667 354.0000000000
74.6133333333 356.0000000000
74.6400000000 357.0000000000
74.6666666667 356.0000000000
74.6933333333 354.0000000000
74.7200000000 349.0000000000
74.7466666667 344.0000000000
74.7733333333 336.0000000000
74.8000000000 327.0000000000
74.8266666667 316.0000000000
74.8533333333 304.0000000000
74.8800000000 290.0000000000
74.9066666667 275.0000000000
74.9333333333 260.0000000000
74.9600000000 244.0000000000
74.9866666667 229.0000000000
75.0133333333 214.0000000000
75.0400000000 200.0000000000
75.0666666667 188.0000000000
75.0933333333 178.0000000000
75.1200000000 169.0000000000
75.1466666667 162.0000000000
75.1733333333 156.0000000000
75.2000000000 153.0000000000
75.2266666667 151.0000000000
75.2533333333 151.0000000000
75.2800000000 152.0000000000
75.3066666667 154.0000000000
75.3333333333 157.0000000000
75.3600000000 161.0000000000
75.3866666667 165.0000000000
75.4133333333 170.0000000000
75.4400000000 174.0000000000
75.4666666667 178.0000000000
75.4933333333 182.0000000000
75.5200000000 185.0000000000
75.5466666667 187.0000000000
75.5733333333 188.0000000000
75.6000000000 189.0000000000
75.6266666667 189.0000000000
75.6533333333 189.0000000000
75.6800000000 189.0000000000
75.7066666667 188.0000000000
75.7333333333 188.0000000000
75.7600000000 188.0000000000
75.7866666667 188.0000000000
75.8133333333 188.0000000000
75.8400000000 189.0000000000
75.8666666667 190.0000000000
75.8933333333 192.0000000000
75.9200000000 196.0000000000
75.9466666667 201.0000000000
75.9733333333 207.0000000000
76.0000000000 214.0000000000
76.0266666667 222.0000000000
76.0533333333 231.0000000000
76.0800000000 241.0000000000
76.1066666667 253.0000000000
76.1333333333 264.0000000000
76.1600000000 276.0000000000
76.1866666667 287.0000000000
76.2133333333 298.0000000000
76.2400000000 308.0000000000
76.2666666667 317.0000000000
76.2933333333 324.0000000000
76.3200000000 329.0000000000
76.3466666667 331.0000000000
76.3733333333 332.0000000000
76.4000000000 330.0000000000
76.4266666667 326.0000000000
76.4533333333 320.0000000000
76.4800000000 311.0000000000
76.5066666667 301.0000000000
76.5333333333 289.0000000000
76.5600000000 276.0000000000
76.5866666667 263.0000000000
76.6133333333 249.0000000000
76.6400000000 235.0000000000
76.6666666667 222.0000000000
76.6933333333 210.0000000000
76.7200000000 199.0000000000
76.7466666667 189.0000000000
76.7733333333 182.0000000000
76.8000000000 175.0000000000
76.8266666667 171.0000000000
76.8533333333 168.0000000000
76.8800000000 166.0000000000
76.9066666667 165.0000000000
76.9333333333 166.0000000000
76.9600000000 167.0000000000
76.9866666667 170.0000000000
77.0133333333 172.0000000000
77.0400000000 174.0000000000
77.0666666667 176.0000000000
77.0933333333 178.0000000000
77.1200000000 179.0000000000
77.1466666667 179.0000000000
77.1733333333 178.0000000000
77.2000000000 175.0000000000
77.2266666667 172.0000000000
77.2533333333 167.0000000000
77.2800000000 161.0000000000
77.3066666667 153.0000000000
77.3333333333 145.0000000000
77.3600000000 135.0000000000
77.3866666667 125.0000000000
77.4133333333 114.0000000000
77.4400000000 104.0000000000
77.4666666667 95.0000000000
77.4933333333 87.0000000000
77.5200000000 81.0000000000
77.5466666667 77.0000000000
77.5733333333 76.0000000000
77.6000000000 76.0000000000
77.6266666667 80.0000000000
77.6533333333 86.0000000000
77.6800000000 94.0000000000
77.7066666667 106.0000000000
77.7333333333 120.0000000000
77.7600000000 137.0000000000
77.7866666667 155.0000000000
77.8133333333 175.0000000000
77.8400000000 197.0000000000
77.8666666667 219.0000000000
77.8933333333 241.0000000000
77.9200000000 264.0000000000
77.9466666667 285.0000000000
77.9733333333 305.0000000000
78.0000000000 324.0000000000
78.0266666667 340.0000000000
78.0533333333 355.0000000000
78.0800000000 366.0000000000
78.1066666667 375.0000000000
78.1333333333 381.0000000000
78.1600000000 383.0000000000
78.1866666667 384.0000000000
78.2133333333 381.0000000000
78.2400000000 376.0000000000
78.2666666667 369.0000000000
78.2933333333 359.0000000000
78.3200000000 348.0000000000
78.3466666667 335.0000000000
78.3733333333 321.0000000000
78.4000000000 306.0000000000
78.4266666667 290.0000000000
78.4533333333 274.0000000000
78.4800000000 259.0000000000
78.5066666667 244.0000000000
78.5333333333 230.0000000000
78.5600000000 216.0000000000
78.5866666667 204.0000000000
78.6133333333 193.0000000000
78.6400000000 184.0000000000
78.6666666667 176.0000000000
78.6933333333 170.0000000000
78.7200000000 164.0000000000
78.7466666667 161.0000000000
78.7733333333 158.0000000000
78.8000000000 156.0000000000
78.8266666667 155.0000000000
78.8533333333 155.0000000000
78.8800000000 155.0000000000
78.9066666667 156.0000000000
78.9333333333 157.0000000000
78.9600000000 158.0000000000
78.9866666667 158.0000000000
79.0133333333 158.0000000000
79.0400000000 158.0000000000
79.0666666667 158.0000000000
79.0933333333 157.0000000000
79.1200000000 156.0000000000
79.1466666667 155.0000000000
79.1733333333 154.0000000000
79.2000000000 154.0000000000
79.2266666667 153.0000000000
79.2533333333 153.0000000000
79.2800000000 154.0000000000
79.3066666667 156.0000000000
79.3333333333 159.0000000000
79.3600000000 162.0000000000
79.3866666667 167.0000000000
79.4133333333 172.0000000000
79.4400000000 178.0000000000
79.4666666667 185.0000000000
79.4933333333 192.0000000000
79.5200000000 199.0000000000
79.5466666667 205.0000000000
79.5733333333 211.0000000000
79.6000000000 217.0000000000
79.6266666667 221.0000000000
79.6533333333 223.0000000000
79.6800000000 225.0000000000
79.7066666667 225.0000000000
79.7333333333 224.0000000000
79.7600000000 220.0000000000
79.7866666667 215.0000000000
79.8133333333 209.0000000000
79.8400000000 201.0000000000
79.8666666667 192.0000000000
79.8933333333 182.0000000000
79.9200000000 172.0000000000
79.9466666667 163.0000000000
79.9733333333 153.0000000000
80.0000000000 145.0000000000
80.0266666667 138.0000000000
80.0533333333 133.0000000000
80.0800000000 129.0000000000
80.1066666667 128.0000000000
80.1333333333 128.0000000000
80.1600000000 131.0000000000
80.1866666667 136.0000000000
80.2133333333 143.0000000000
80.2400000000 151.0000000000
80.2666666667 161.0000000000
80.2933333333 171.0000000000
80.3200000000 183.0000000000
80.3466666667 194.0000000000
80.3733333333 206.0000000000
80.4000000000 219.0000000000
80.4266666667 230.0000000000
80.4533333333 242.0000000000
80.4800000000 251.0000000000
80.5066666667 260.0000000000
80.5333333333 267.0000000000
80.5600000000 272.0000000000
80.5866666667 276.0000000000
80.6133333333 278.0000000000
80.6400000000 278.0000000000
80.6666666667 276.0000000000
80.6933333333 273.0000000000
80.7200000000 268.0000000000
80.7466666667 261.0000000000
80.7733333333 251.0000000000
80.8000000000 240.0000000000
80.8266666667 226.0000000000
80.8533333333 211.0000000000
80.8800000000 194.0000000000
80.9066666667 175.0000000000
80.9333333333 155.0000000000
80.9600000000 134.0000000000
80.9866666667 113.0000000000
81.0133333333 93.0000000000
81.0400000000 74.0000000000
81.0666666667 55.0000000000
81.0933333333 38.0000000000
81.1200000000 22.0000000000
81.1466666667 9.0000000000
81.1733333333 0.0000000000
81.2000000000 -9.0000000000
81.2266666667 -15.0000000000
81.2533333333 -17.0000000000
81.2800000000 -18.0000000000
81.3066666667 -16.0000000000
81.3333333333 -13.0000000000
81.3600000000 -7.0000000000
81.3866666667 0.0000000000
81.4133333333 8.0000000000
81.4400000000 18.0000000000
81.4666666667 29.0000000000
81.4933333333 40.0000000000
81.5200000000 50.0000000000
81.5466666667 61.0000000000
81.5733333333 71.0000000000
81.6000000000 80.0000000000
81.6266666667 89.0000000000
81.6533333333 97.0000000000
81.6800000000 105.0000000000
81.7066666667 113.0000000000
81.7333333333 121.0000000000
81.7600000000 129.0000000000
81.7866666667 138.0000000000
81.8133333333 147.0000000000
81.8400000000 155.0000000000
81.8666666667 164.0000000000
81.8933333333 174.0000000000
81.9200000000 183.0000000000
81.9466666667 192.0000000000
81.9733333333 202.0000000000
82.0000000000 210.0000000000
82.0266666667 219.0000000000
82.0533333333 227.0000000000
82.0800000000 234.0000000000
82.1066666667 241.0000000000
82.1333333333 246.0000000000
82.1600000000 251.0000000000
82.1866666667 254.0000000000
82.2133333333 257.0000000000
82.2400000000 259.0000000000
82.2666666667 260.0000000000
82.2933333333 261.0000000000
82.3200000000 260.0000000000
82.3466666667 259.0000000000
82.3733333333 257.0000000000
82.4000000000 255.0000000000
82.4266666667 250.0000000000
82.4533333333 246.0000000000
82.4800000000 239.0000000000
82.5066666667 233.0000000000
82.5333333333 224.0000000000
82.5600000000 214.0000000000
82.5866666667 204.0000000000
82.6133333333 192.0000000000
82.6400000000 178.0000000000
82.6666666667 164.0000000000
82.6933333333 149.0000000000
82.7200000000 134.0000000000
82.7466666667 120.0000000000
82.7733333333 106.0000000000
82.8000000000 94.0000000000
82.8266666667 83.0000000000
82.8533333333 72.0000000000
82.8800000000 64.0000000000
82.9066666667 58.0000000000
82.9333333333 53.0000000000
82.9600000000 52.0000000000
82.9866666667 53.0000000000
83.0133333333 58.0000000000
83.0400000000 64.0000000000
83.0666666667 73.0000000000
83.0933333333 84.0000000000
83.1200000000 96.0000000000
83.1466666667 109.0000000000
83.1733333333 124.0000000000
83.2000000000 139.0000000000
83.2266666667 155.0000000000
83.2533333333 171.0000000000
83.2800000000 188.0000000000
83.3066666667 204.0000000000
83.3333333333 220.0000000000
83.3600000000 236.0000000000
83.3866666667 252.0000000000
83.4133333333 267.0000000000
83.4400000000 280.0000000000
83.4666666667 293.0000000000
83.4933333333 304.0000000000
83.5200000000 315.0000000000
83.5466666667 326.0000000000
83.5733333333 335.0000000000
83.6000000000 344.0000000000
83.6266666667 352.0000000000
83.6533333333 359.0000000000
83.6800000000 365.0000000000
83.7066666667 369.0000000000
83.7333333333 373.0000000000
83.7600000000 377.0000000000
83.7866666667 380.0000000000
83.8133333333 382.0000000000
83.8400000000 384.0000000000
83.8666666667 384.0000000000
83.8933333333 384.0000000000
83.9200000000 382.0000000000
83.9466666667 382.0000000000
83.9733333333 380.0000000000
84.0000000000 379.0000000000
84.0266666667 377.0000000000
84.0533333333 377.0000000000
84.0800000000 375.0000000000
84.1066666667 375.0000000000
84.1333333333 374.0000000000
84.1600000000 372.0000000000
84.1866666667 371.0000000000
84.2133333333 369.0000000000
84.2400000000 368.0000000000
84.2666666667 366.0000000000
84.2933333333 363.0000000000
84.3200000000 360.0000000000
84.3466666667 357.0000000000
84.3733333333 355.0000000000
84.4000000000 351.0000000000
84.4266666667 348.0000000000
84.4533333333 345.0000000000
84.4800000000 340.0000000000
84.5066666667 337.0000000000
84.5333333333 333.0000000000
84.5600000000 329.0000000000
84.5866666667 325.0000000000
84.6133333333 321.0000000000
84.6400000000 317.0000000000
84.6666666667 313.0000000000
84.6933333333 309.0000000000
84.7200000000 304.0000000000
84.7466666667 299.0000000000
84.7733333333 294.0000000000
84.8000000000 289.0000000000
84.8266666667 284.0000000000
84.8533333333 279.0000000000
84.8800000000 274.0000000000
84.9066666667 269.0000000000
84.9333333333 266.0000000000
84.9600000000 262.0000000000
84.9866666667 259.0000000000
85.0133333333 257.0000000000
85.0400000000 257.0000000000
85.0666666667 257.0000000000
85.0933333333 256.0000000000
85.1200000000 258.0000000000
85.1466666667 259.0000000000
85.1733333333 261.0000000000
85.2000000000 262.0000000000
85.2266666667 263.0000000000
85.2533333333 264.0000000000
85.2800000000 265.0000000000
85.3066666667 265.0000000000
85.3333333333 264.0000000000
85.3600000000 263.0000000000
85.3866666667 261.0000000000
85.4133333333 259.0000000000
85.4400000000 256.0000000000
85.4666666667 253.0000000000
85.4933333333 250.0000000000
85.5200000000 247.0000000000
85.5466666667 244.0000000000
85.5733333333 241.0000000000
85.6000000000 238.0000000000
85.6266666667 236.0000000000
85.6533333333 235.0000000000
85.6800000000 233.0000000000
85.7066666667 232.0000000000
85.7333333333 232.0000000000
85.7600000000 232.0000000000
85.7866666667 233.0000000000
85.8133333333 234.0000000000
85.8400000000 238.0000000000
85.8666666667 241.0000000000
85.8933333333 245.0000000000
85.9200000000 249.0000000000
85.9466666667 252.0000000000
85.9733333333 255.0000000000
86.0000000000 255.0000000000
86.0266666667 255.0000000000
86.0533333333 254.0000000000
86.0800000000 252.0000000000
86.1066666667 247.0000000000
86.1333333333 241.0000000000
86.1600000000 232.0000000000
86.1866666667 223.0000000000
86.2133333333 211.0000000000
86.2400000000 198.0000000000
86.2666666667 184.0000000000
86.2933333333 168.0000000000
86.3200000000 151.0000000000
86.3466666667 135.0000000000
86.3733333333 118.0000000000
86.4000000000 101.0000000000
86.4266666667 84.0000000000
86.4533333333 69.0000000000
86.4800000000 55.0000000000
86.5066666667 41.0000000000
86.5333333333 29.0000000000
86.5600000000 19.0000000000
86.5866666667 9.0000000000
86.6133333333 2.0000000000
86.6400000000 -2.0000000000
86.6666666667 -6.0000000000
86.6933333333 -7.0000000000
86.7200000000 -5.0000000000
86.7466666667 -2.0000000000
86.7733333333 2.0000000000
86.8000000000 9.0000000000
86.8266666667 17.0000000000
86.8533333333 28.0000000000
86.8800000000 39.0000000000
86.9066666667 52.0000000000
86.9333333333 65.0000000000
86.9600000000 78.0000000000
86.9866666667 92.0000000000
87.0133333333 105.0000000000
87.0400000000 118.0000000000
87.0666666667 130.0000000000
87.0933333333 141.0000000000
87.1200000000 151.0000000000
87.1466666667 159.0000000000
87.1733333333 166.0000000000
87.2000000000 171.0000000000
87.2266666667 176.0000000000
87.2533333333 180.0000000000
87.2800000000 183.0000000000
87.3066666667 186.0000000000
87.3333333333 188.0000000000
87.3600000000 190.0000000000
87.3866666667 192.0000000000
87.4133333333 194.0000000000
87.4400000000 197.0000000000
87.4666666667 200.0000000000
87.4933333333 203.0000000000
87.5200000000 206.0000000000
87.5466666667 209.0000000000
87.5733333333 212.0000000000
87.6000000000 216.0000000000
87.6266666667 218.0000000000
87.6533333333 219.0000000000
87.6800000000 220.0000000000
87.7066666667 218.0000000000
87.7333333333 215.0000000000
87.7600000000 211.0000000000
87.7866666667 204.0000000000
87.8133333333 196.0000000000
87.8400000000 186.0000000000
87.8666666667 175.0000000000
87.8933333333 163.0000000000
87.9200000000 149.0000000000
87.9466666667 135.0000000000
87.9733333333 121.0000000000
88.0000000000 106.0000000000
88.0266666667 91.0000000000
88.0533333333 76.0000000000
88.0800000000 63.0000000000
88.1066666667 50.0000000000
88.1333333333 38.0000000000
88.1600000000 27.0000000000
88.1866666667 18.0000000000
88.2133333333 10.0000000000
88.2400000000 4.0000000000
88.2666666667 0.0000000000
88.2933333333 -2.0000000000
88.3200000000 -3.0000000000
88.3466666667 -3.0000000000
88.3733333333 0.0000000000
88.4000000000 3.0000000000
88.4266666667 8.0000000000
88.4533333333 15.0000000000
88.4800000000 24.0000000000
88.5066666667 34.0000000000
88.5333333333 45.0000000000
88.5600000000 57.0000000000
88.5866666667 71.0000000000
88.6133333333 85.0000000000
88.6400000000 100.0000000000
88.6666666667 115.0000000000
88.6933333333 131.0000000000
88.7200000000 147.0000000000
88.7466666667 162.0000000000
88.7733333333 176.0000000000
88.8000000000 189.0000000000
88.8266666667 200.0000000000
88.8533333333 211.0000000000
88.8800000000 220.0000000000
88.9066666667 227.0000000000
88.9333333333 232.0000000000
88.9600000000 235.0000000000
88.9866666667 236.0000000000
89.0133333333 236.0000000000
89.0400000000 233.0000000000
89.0666666667 230.0000000000
89.0933333333 225.0000000000
89.1200000000 221.0000000000
89.1466666667 216.0000000000
89.1733333333 211.0000000000
89.2000000000 207.0000000000
89.2266666667 203.0000000000
89.2533333333 201.0000000000
89.2800000000 199.0000000000
89.3066666667 199.0000000000
89.3333333333 200.0000000000
89.3600000000 202.0000000000
89.3866666667 204.0000000000
89.4133333333 208.0000000000
89.4400000000 211.0000000000
89.4666666667 215.0000000000
89.4933333333 220.0000000000
89.5200000000 224.0000000000
89.5466666667 229.0000000000
89.5733333333 233.0000000000
89.6000000000 236.0000000000
89.6266666667 238.0000000000
89.6533333333 239.0000000000
89.6800000000 239.0000000000
89.7066666667 238.0000000000
89.7333333333 236.0000000000
89.7600000000 233.0000000000
89.7866666667 228.0000000000
89.8133333333 223.0000000000
89.8400000000 217.0000000000
89.8666666667 211.0000000000
89.8933333333 205.0000000000
89.9200000000 199.0000000000
89.9466666667 193.0000000000
89.9733333333 187.0000000000
90.0000000000 181.0000000000
90.0266666667 176.0000000000
90.0533333333 172.0000000000
90.0800000000 168.0000000000
90.1066666667 164.0000000000
90.1333333333 161.0000000000
90.1600000000 159.0000000000
90.1866666667 156.0000000000
90.2133333333 154.0000000000
90.2400000000 153.0000000000
90.2666666667 151.0000000000
90.2933333333 150.0000000000
90.3200000000 148.0000000000
90.3466666667 146.0000000000
90.3733333333 145.0000000000
90.4000000000 143.0000000000
90.4266666667 141.0000000000
90.4533333333 140.0000000000
90.4800000000 139.0000000000
90.5066666667 139.0000000000
90.5333333333 139.0000000000
90.5600000000 139.0000000000
90.5866666667 141.0000000000
90.6133333333 143.0000000000
90.6400000000 145.0000000000
90.6666666667 148.0000000000
90.6933333333 152.0000000000
90.7200000000 156.0000000000
90.7466666667 161.0000000000
90.7733333333 166.0000000000
90.8000000000 172.0000000000
90.8266666667 178.0000000000
90.8533333333 184.0000000000
90.8800000000 191.0000000000
90.9066666667 197.0000000000
90.9333333333 204.0000000000
90.9600000000 210.0000000000
90.9866666667 216.0000000000
91.0133333333 222.0000000000
91.0400000000 228.0000000000
91.0666666667 233.0000000000
91.0933333333 237.0000000000
91.1200000000 242.0000000000
91.1466666667 246.0000000000
91.1733333333 250.0000000000
91.2000000000 254.0000000000
91.2266666667 257.0000000000
91.2533333333 259.0000000000
91.2800000000 259.0000000000
91.3066666667 259.0000000000
91.3333333333 257.0000000000
91.3600000000 255.0000000000
91.3866666667 251.0000000000
91.4133333333 247.0000000000
91.4400000000 241.0000000000
91.4666666667 234.0000000000
91.4933333333 227.0000000000
91.5200000000 219.0000000000
91.5466666667 210.0000000000
91.5733333333 201.0000000000
91.6000000000 193.0000000000
91.6266666667 183.0000000000
91.6533333333 175.0000000000
91.6800000000 166.0000000000
91.7066666667 157.0000000000
91.7333333333 149.0000000000
91.7600000000 142.0000000000
91.7866666667 134.0000000000
91.8133333333 128.0000000000
91.8400000000 122.0000000000
91.8666666667 116.0000000000
91.8933333333 111.0000000000
91.9200000000 106.0000000000
91.9466666667 102.0000000000
91.9733333333 97.0000000000
92.0000000000 94.0000000000
92.0266666667 90.0000000000
92.0533333333 86.0000000000
92.0800000000 84.0000000000
92.1066666667 82.0000000000
92.1333333333 79.0000000000
92.1600000000 78.0000000000
92.1866666667 76.0000000000
92.2133333333 76.0000000000
92.2400000000 78.0000000000
92.2666666667 82.0000000000
92.2933333333 86.0000000000
92.3200000000 93.0000000000
92.3466666667 100.0000000000
92.3733333333 110.0000000000
92.4000000000 119.0000000000
92.4266666667 131.0000000000
92.4533333333 142.0000000000
92.4800000000 155.0000000000
92.5066666667 167.0000000000
92.5333333333 179.0000000000
92.5600000000 191.0000000000
92.5866666667 202.0000000000
92.6133333333 213.0000000000
92.6400000000 223.0000000000
92.6666666667 232.0000000000
92.6933333333 239.0000000000
92.7200000000 246.0000000000
92.7466666667 251.0000000000
92.7733333333 256.0000000000
92.8000000000 259.0000000000
92.8266666667 261.0000000000
92.8533333333 262.0000000000
92.8800000000 261.0000000000
92.9066666667 260.0000000000
92.9333333333 258.0000000000
92.9600000000 255.0000000000
92.9866666667 252.0000000000
93.0133333333 248.0000000000
93.0400000000 243.0000000000
93.0666666667 238.0000000000
93.0933333333 232.0000000000
93.1200000000 226.0000000000
93.1466666667 219.0000000000
93.1733333333 211.0000000000
93.2000000000 203.0000000000
93.2266666667 194.0000000000
93.2533333333 185.0000000000
93.2800000000 175.0000000000
93.3066666667 165.0000000000
93.3333333333 156.0000000000
93.3600000000 147.0000000000
93.3866666667 139.0000000000
93.4133333333 131.0000000000
93.4400000000 124.0000000000
93.4666666667 118.0000000000
93.4933333333 111.0000000000
93.5200000000 107.0000000000
93.5466666667 103.0000000000
93.5733333333 101.0000000000
93.6000000000 100.0000000000
93.6266666667 100.0000000000
93.6533333333 101.0000000000
93.6800000000 102.0000000000
93.7066666667 104.0000000000
93.7333333333 107.0000000000
93.7600000000 111.0000000000
93.7866666667 116.0000000000
93.8133333333 121.0000000000
93.8400000000 127.0000000000
93.8666666667 132.0000000000
93.8933333333 137.0000000000
93.9200000000 142.0000000000
93.9466666667 147.0000000000
93.9733333333 151.0000000000
94.0000000000 155.0000000000
94.0266666667 159.0000000000
94.0533333333 164.0000000000
94.0800000000 168.0000000000
94.1066666667 171.0000000000
94.1333333333 173.0000000000
94.1600000000 176.0000000000
94.1866666667 178.0000000000
94.2133333333 180.0000000000
94.2400000000 182.0000000000
94.2666666667 184.0000000000
94.2933333333 187.0000000000
94.3200000000 190.0000000000
94.3466666667 192.0000000000
94.3733333333 194.0000000000
94.4000000000 196.0000000000
94.4266666667 196.0000000000
94.4533333333 195.0000000000
94.4800000000 195.0000000000
94.5066666667 194.0000000000
94.5333333333 194.0000000000
94.5600000000 195.0000000000
94.5866666667 196.0000000000
94.6133333333 197.0000000000
94.6400000000 199.0000000000
94.6666666667 200.0000000000
94.6933333333 204.0000000000
94.7200000000 207.0000000000
94.7466666667 210.0000000000
94.7733333333 213.0000000000
94.8000000000 215.0000000000
94.8266666667 218.0000000000
94.8533333333 219.0000000000
94.8800000000 221.0000000000
94.9066666667 221.0000000000
94.9333333333 221.0000000000
94.9600000000 221.0000000000
94.9866666667 218.0000000000
95.0133333333 217.0000000000
95.0400000000 216.0000000000
95.0666666667 214.0000000000
95.0933333333 213.0000000000
95.1200000000 210.0000000000
95.1466666667 207.0000000000
95.1733333333 204.0000000000
95.2000000000 201.0000000000
95.2266666667 197.0000000000
95.2533333333 193.0000000000
95.2800000000 189.0000000000
95.3066666667 184.0000000000
95.3333333333 179.0000000000
95.3600000000 173.0000000000
95.3866666667 166.0000000000
95.4133333333 158.0000000000
95.4400000000 150.0000000000
95.4666666667 142.0000000000
95.4933333333 134.0000000000
95.5200000000 125.0000000000
95.5466666667 117.0000000000
95.5733333333 108.0000000000
95.6000000000 100.0000000000
95.6266666667 92.0000000000
95.6533333333 85.0000000000
95.6800000000 79.0000000000
95.7066666667 74.0000000000
95.7333333333 70.0000000000
95.7600000000 67.0000000000
95.7866666667 64.0000000000
95.8133333333 64.0000000000
95.8400000000 65.0000000000
95.8666666667 66.0000000000
95.8933333333 68.0000000000
95.9200000000 72.0000000000
95.9466666667 75.0000000000
95.9733333333 80.0000000000
96.0000000000 84.0000000000
96.0266666667 89.0000000000
96.0533333333 94.0000000000
96.0800000000 99.0000000000
96.1066666667 105.0000000000
96.1333333333 108.0000000000
96.1600000000 113.0000000000
96.1866666667 116.0000000000
96.2133333333 119.0000000000
96.2400000000 120.0000000000
96.2666666667 121.0000000000
96.2933333333 121.0000000000
96.3200000000 121.0000000000
96.3466666667 120.0000000000
96.3733333333 118.0000000000
96.4000000000 118.0000000000
96.4266666667 118.0000000000
96.4533333333 118.0000000000
96.4800000000 118.0000000000
96.5066666667 119.0000000000
96.5333333333 121.0000000000
96.5600000000 122.0000000000
96.5866666667 123.0000000000
96.6133333333 124.0000000000
96.6400000000 124.0000000000
96.6666666667 124.0000000000
96.6933333333 126.0000000000
96.7200000000 126.0000000000
96.7466666667 126.0000000000
96.7733333333 125.0000000000
96.8000000000 125.0000000000
96.8266666667 124.0000000000
96.8533333333 123.0000000000
96.8800000000 123.0000000000
96.9066666667 122.0000000000
96.9333333333 121.0000000000
96.9600000000 119.0000000000
96.9866666667 116.0000000000
97.0133333333 112.0000000000
97.0400000000 107.0000000000
97.0666666667 101.0000000000
97.0933333333 95.0000000000
97.1200000000 87.0000000000
97.1466666667 78.0000000000
97.1733333333 70.0000000000
97.2000000000 61.0000000000
97.2266666667 52.0000000000
97.2533333333 42.0000000000
97.2800000000 32.0000000000
97.3066666667 21.0000000000
97.3333333333 10.0000000000
97.3600000000 0.0000000000
97.3866666667 -8.0000000000
97.4133333333 -17.0000000000
97.4400000000 -25.0000000000
97.4666666667 -32.0000000000
97.4933333333 -36.0000000000
97.5200000000 -38.0000000000
97.5466666667 -38.0000000000
97.5733333333 -36.0000000000
97.6000000000 -30.0000000000
97.6266666667 -23.0000000000
97.6533333333 -13.0000000000
97.6800000000 -1.0000000000
97.7066666667 11.0000000000
97.7333333333 27.0000000000
97.7600000000 44.0000000000
97.7866666667 62.0000000000
97.8133333333 79.0000000000
97.8400000000 96.0000000000
97.8666666667 114.0000000000
97.8933333333 130.0000000000
97.9200000000 145.0000000000
97.9466666667 159.0000000000
97.9733333333 171.0000000000
98.0000000000 182.0000000000
98.0266666667 192.0000000000
98.0533333333 199.0000000000
98.0800000000 206.0000000000
98.1066666667 214.0000000000
98.1333333333 219.0000000000
98.1600000000 225.0000000000
98.1866666667 228.0000000000
98.2133333333 231.0000000000
98.2400000000 233.0000000000
98.2666666667 233.0000000000
98.2933333333 231.0000000000
98.3200000000 230.0000000000
98.3466666667 227.0000000000
98.3733333333 225.0000000000
98.4000000000 223.0000000000
98.4266666667 220.0000000000
98.4533333333 218.0000000000
98.4800000000 214.0000000000
98.5066666667 209.0000000000
98.5333333333 205.0000000000
98.5600000000 199.0000000000
98.5866666667 195.0000000000
98.6133333333 190.0000000000
98.6400000000 185.0000000000
98.6666666667 180.0000000000
98.6933333333 176.0000000000
98.7200000000 172.0000000000
98.7466666667 171.0000000000
98.7733333333 170.0000000000
98.8000000000 169.0000000000
98.8266666667 170.0000000000
98.8533333333 171.0000000000
98.8800000000 170.0000000000
98.9066666667 171.0000000000
98.9333333333 171.0000000000
98.9600000000 170.0000000000
98.9866666667 171.0000000000
99.0133333333 171.0000000000
99.0400000000 170.0000000000
99.0666666667 169.0000000000
99.0933333333 167.0000000000
99.1200000000 165.0000000000
99.1466666667 163.0000000000
99.1733333333 162.0000000000
99.2000000000 159.0000000000
99.2266666667 155.0000000000
99.2533333333 152.0000000000
99.2800000000 149.0000000000
99.3066666667 146.0000000000
99.3333333333 145.0000000000
99.3600000000 145.0000000000
99.3866666667 147.0000000000
99.4133333333 148.0000000000
99.4400000000 151.0000000000
99.4666666667 154.0000000000
