0.5333333333 5.0000000000
0.5600000000 5.0000000000
0.5866666667 5.0000000000
0.6133333333 5.0000000000
0.6400000000 5.0000000000
0.6666666667 5.0000000000
0.6933333333 5.0000000000
0.7200000000 5.0000000000
0.7466666667 5.0000000000
0.7733333333 4.0000000000
0.8000000000 3.0000000000
0.8266666667 1.0000000000
0.8533333333 1.0000000000
0.8800000000 0.0000000000
0.9066666667 -1.0000000000
0.9333333333 -1.0000000000
0.9600000000 0.0000000000
0.9866666667 0.0000000000
1.0133333333 1.0000000000
1.0400000000 1.0000000000
1.0666666667 1.0000000000
1.0933333333 1.0000000000
1.1200000000 0.0000000000
1.1466666667 0.0000000000
1.1733333333 1.0000000000
1.2000000000 1.0000000000
1.2266666667 1.0000000000
1.2533333333 1.0000000000
1.2800000000 1.0000000000
1.3066666667 1.0000000000
1.3333333333 0.0000000000
1.3600000000 0.0000000000
1.3866666667 -1.0000000000
1.4133333333 -2.0000000000
1.4400000000 -2.0000000000
1.4666666667 -2.0000000000
1.4933333333 -2.0000000000
1.5200000000 -2.0000000000
1.5466666667 -2.0000000000
1.5733333333 -3.0000000000
1.6000000000 -3.0000000000
1.6266666667 -4.0000000000
1.6533333333 -4.0000000000
1.6800000000 -5.0000000000
1.7066666667 -4.0000000000
1.7333333333 -5.0000000000
1.7600000000 -5.0000000000
1.7866666667 -5.0000000000
1.8133333333 -5.0000000000
1.8400000000 -5.0000000000
1.8666666667 -4.0000000000
1.8933333333 -3.0000000000
1.9200000000 -3.0000000000
1.9466666667 -3.0000000000
1.9733333333 -4.0000000000
2.0000000000 -4.0000000000
2.0266666667 -5.0000000000
2.0533333333 -6.0000000000
2.0800000000 -8.0000000000
2.1066666667 -9.0000000000
2.1333333333 -9.0000000000
2.1600000000 -10.0000000000
2.1866666667 -11.0000000000
2.2133333333 -12.0000000000
2.2400000000 -13.0000000000
2.2666666667 -12.0000000000
2.2933333333 -12.0000000000
2.3200000000 -11.0000000000
2.3466666667 -10.0000000000
2.3733333333 -9.0000000000
2.4000000000 -8.0000000000
2.4266666667 -7.0000000000
2.4533333333 -7.0000000000
2.4800000000 -8.0000000000
2.5066666667 -9.0000000000
2.5333333333 -8.0000000000
2.5600000000 -9.0000000000
2.5866666667 -9.0000000000
2.6133333333 -10.0000000000
2.6400000000 -11.0000000000
2.6666666667 -10.0000000000
2.6933333333 -11.0000000000
2.7200000000 -13.0000000000
2.7466666667 -13.0000000000
2.7733333333 -13.0000000000
2.8000000000 -14.0000000000
2.8266666667 -13.0000000000
2.8533333333 -13.0000000000
2.8800000000 -13.0000000000
2.9066666667 -12.0000000000
2.9333333333 -10.0000000000
2.9600000000 -10.0000000000
2.9866666667 -8.0000000000
3.0133333333 -8.0000000000
3.0400000000 -7.0000000000
3.0666666667 -7.0000000000
3.0933333333 -7.0000000000
3.1200000000 -7.0000000000
3.1466666667 -8.0000000000
3.1733333333 -10.0000000000
3.2000000000 -11.0000000000
3.2266666667 -13.0000000000
3.2533333333 -15.0000000000
3.2800000000 -15.0000000000
3.3066666667 -16.0000000000
3.3333333333 -16.0000000000
3.3600000000 -16.0000000000
3.3866666667 -17.0000000000
3.4133333333 -17.0000000000
3.4400000000 -17.0000000000
3.4666666667 -18.0000000000
3.4933333333 -20.0000000000
3.5200000000 -19.0000000000
3.5466666667 -19.0000000000
3.5733333333 -18.0000000000
3.6000000000 -17.0000000000
3.6266666667 -17.0000000000
3.6533333333 -17.0000000000
3.6800000000 -17.0000000000
3.7066666667 -18.0000000000
3.7333333333 -18.0000000000
3.7600000000 -19.0000000000
3.7866666667 -19.0000000000
3.8133333333 -19.0000000000
3.8400000000 -20.0000000000
3.8666666667 -20.0000000000
3.8933333333 -22.0000000000
3.9200000000 -23.0000000000
3.9466666667 -23.0000000000
3.9733333333 -24.0000000000
4.0000000000 -24.0000000000
4.0266666667 -24.0000000000
4.0533333333 -24.0000000000
4.0800000000 -24.0000000000
4.1066666667 -25.0000000000
4.1333333333 -25.0000000000
4.1600000000 -24.0000000000
4.1866666667 -24.0000000000
4.2133333333 -22.0000000000
4.2400000000 -22.0000000000
4.2666666667 -21.0000000000
4.2933333333 -21.0000000000
4.3200000000 -22.0000000000
4.3466666667 -23.0000000000
4.3733333333 -25.0000000000
4.4000000000 -27.0000000000
4.4266666667 -28.0000000000
4.4533333333 -30.0000000000
4.4800000000 -31.0000000000
4.5066666667 -32.0000000000
4.5333333333 -32.0000000000
4.5600000000 -33.0000000000
4.5866666667 -33.0000000000
4.6133333333 -33.0000000000
4.6400000000 -32.0000000000
4.6666666667 -33.0000000000
4.6933333333 -33.0000000000
4.7200000000 -33.0000000000
4.7466666667 -34.0000000000
4.7733333333 -34.0000000000
4.8000000000 -34.0000000000
4.8266666667 -34.0000000000
4.8533333333 -33.0000000000
4.8800000000 -32.0000000000
4.9066666667 -32.0000000000
4.9333333333 -32.0000000000
4.9600000000 -32.0000000000
4.9866666667 -32.0000000000
5.0133333333 -32.0000000000
5.0400000000 -32.0000000000
5.0666666667 -32.0000000000
5.0933333333 -33.0000000000
5.1200000000 -34.0000000000
5.1466666667 -34.0000000000
5.1733333333 -35.0000000000
5.2000000000 -36.0000000000
5.2266666667 -37.0000000000
5.2533333333 -38.0000000000
5.2800000000 -39.0000000000
5.3066666667 -40.0000000000
5.3333333333 -41.0000000000
5.3600000000 -42.0000000000
5.3866666667 -43.0000000000
5.4133333333 -44.0000000000
5.4400000000 -45.0000000000
5.4666666667 -45.0000000000
5.4933333333 -45.0000000000
5.5200000000 -44.0000000000
5.5466666667 -44.0000000000
5.5733333333 -44.0000000000
5.6000000000 -45.0000000000
5.6266666667 -45.0000000000
5.6533333333 -46.0000000000
5.6800000000 -46.0000000000
5.7066666667 -46.0000000000
5.7333333333 -46.0000000000
5.7600000000 -45.0000000000
5.7866666667 -45.0000000000
5.8133333333 -45.0000000000
5.8400000000 -45.0000000000
5.8666666667 -45.0000000000
5.8933333333 -45.0000000000
5.9200000000 -44.0000000000
5.9466666667 -44.0000000000
5.9733333333 -43.0000000000
6.0000000000 -44.0000000000
6.0266666667 -44.0000000000
6.0533333333 -43.0000000000
6.0800000000 -42.0000000000
6.1066666667 -42.0000000000
6.1333333333 -41.0000000000
6.1600000000 -41.0000000000
6.1866666667 -41.0000000000
6.2133333333 -41.0000000000
6.2400000000 -41.0000000000
6.2666666667 -43.0000000000
6.2933333333 -45.0000000000
6.3200000000 -46.0000000000
6.3466666667 -46.0000000000
6.3733333333 -47.0000000000
6.4000000000 -47.0000000000
6.4266666667 -48.0000000000
6.4533333333 -48.0000000000
6.4800000000 -49.0000000000
6.5066666667 -50.0000000000
6.5333333333 -50.0000000000
6.5600000000 -50.0000000000
6.5866666667 -50.0000000000
6.6133333333 -49.0000000000
6.6400000000 -50.0000000000
6.6666666667 -50.0000000000
6.6933333333 -48.0000000000
6.7200000000 -48.0000000000
6.7466666667 -49.0000000000
6.7733333333 -50.0000000000
6.8000000000 -50.0000000000
6.8266666667 -50.0000000000
6.8533333333 -51.0000000000
6.8800000000 -53.0000000000
6.9066666667 -54.0000000000
6.9333333333 -55.0000000000
6.9600000000 -55.0000000000
6.9866666667 -54.0000000000
7.0133333333 -53.0000000000
7.0400000000 -52.0000000000
7.0666666667 -51.0000000000
7.0933333333 -51.0000000000
7.1200000000 -50.0000000000
7.1466666667 -49.0000000000
7.1733333333 -50.0000000000
7.2000000000 -50.0000000000
7.2266666667 -51.0000000000
7.2533333333 -52.0000000000
7.2800000000 -54.0000000000
7.3066666667 -55.0000000000
7.3333333333 -56.0000000000
7.3600000000 -58.0000000000
7.3866666667 -59.0000000000
7.4133333333 -60.0000000000
7.4400000000 -60.0000000000
7.4666666667 -61.0000000000
7.4933333333 -62.0000000000
7.5200000000 -63.0000000000
7.5466666667 -64.0000000000
7.5733333333 -64.0000000000
7.6000000000 -65.0000000000
7.6266666667 -67.0000000000
7.6533333333 -69.0000000000
7.6800000000 -70.0000000000
7.7066666667 -71.0000000000
7.7333333333 -73.0000000000
7.7600000000 -74.0000000000
7.7866666667 -75.0000000000
7.8133333333 -76.0000000000
7.8400000000 -77.0000000000
7.8666666667 -79.0000000000
7.8933333333 -79.0000000000
7.9200000000 -80.0000000000
7.9466666667 -79.0000000000
7.9733333333 -78.0000000000
8.0000000000 -78.0000000000
8.0266666667 -78.0000000000
8.0533333333 -78.0000000000
8.0800000000 -77.0000000000
8.1066666667 -78.0000000000
8.1333333333 -79.0000000000
8.1600000000 -79.0000000000
8.1866666667 -81.0000000000
8.2133333333 -82.0000000000
8.2400000000 -85.0000000000
8.2666666667 -87.0000000000
8.2933333333 -88.0000000000
8.3200000000 -90.0000000000
8.3466666667 -90.0000000000
8.3733333333 -91.0000000000
8.4000000000 -91.0000000000
8.4266666667 -92.0000000000
8.4533333333 -92.0000000000
8.4800000000 -92.0000000000
8.5066666667 -91.0000000000
8.5333333333 -91.0000000000
8.5600000000 -91.0000000000
8.5866666667 -91.0000000000
8.6133333333 -90.0000000000
8.6400000000 -91.0000000000
8.6666666667 -92.0000000000
8.6933333333 -93.0000000000
8.7200000000 -92.0000000000
8.7466666667 -92.0000000000
8.7733333333 -93.0000000000
8.8000000000 -93.0000000000
8.8266666667 -93.0000000000
8.8533333333 -94.0000000000
8.8800000000 -95.0000000000
8.9066666667 -94.0000000000
8.9333333333 -93.0000000000
8.9600000000 -93.0000000000
8.9866666667 -92.0000000000
9.0133333333 -92.0000000000
9.0400000000 -91.0000000000
9.0666666667 -91.0000000000
9.0933333333 -91.0000000000
9.1200000000 -93.0000000000
9.1466666667 -94.0000000000
9.1733333333 -95.0000000000
9.2000000000 -98.0000000000
9.2266666667 -99.0000000000
9.2533333333 -100.0000000000
9.2800000000 -100.0000000000
9.3066666667 -100.0000000000
9.3333333333 -100.0000000000
9.3600000000 -100.0000000000
9.3866666667 -99.0000000000
9.4133333333 -98.0000000000
9.4400000000 -97.0000000000
9.4666666667 -94.0000000000
9.4933333333 -93.0000000000
9.5200000000 -93.0000000000
9.5466666667 -92.0000000000
9.5733333333 -92.0000000000
9.6000000000 -93.0000000000
9.6266666667 -93.0000000000
9.6533333333 -93.0000000000
9.6800000000 -93.0000000000
9.7066666667 -93.0000000000
9.7333333333 -93.0000000000
9.7600000000 -92.0000000000
9.7866666667 -92.0000000000
9.8133333333 -92.0000000000
9.8400000000 -93.0000000000
9.8666666667 -93.0000000000
9.8933333333 -93.0000000000
9.9200000000 -93.0000000000
9.9466666667 -94.0000000000
9.9733333333 -94.0000000000
10.0000000000 -95.0000000000
10.0266666667 -95.0000000000
10.0533333333 -96.0000000000
10.0800000000 -97.0000000000
10.1066666667 -98.0000000000
10.1333333333 -99.0000000000
10.1600000000 -101.0000000000
10.1866666667 -102.0000000000
10.2133333333 -102.0000000000
10.2400000000 -103.0000000000
10.2666666667 -104.0000000000
10.2933333333 -105.0000000000
10.3200000000 -106.0000000000
10.3466666667 -106.0000000000
10.3733333333 -107.0000000000
10.4000000000 -107.0000000000
10.4266666667 -107.0000000000
10.4533333333 -106.0000000000
10.4800000000 -104.0000000000
10.5066666667 -103.0000000000
10.5333333333 -101.0000000000
10.5600000000 -100.0000000000
10.5866666667 -100.0000000000
10.6133333333 -99.0000000000
10.6400000000 -99.0000000000
10.6666666667 -99.0000000000
10.6933333333 -100.0000000000
10.7200000000 -100.0000000000
10.7466666667 -101.0000000000
10.7733333333 -102.0000000000
10.8000000000 -104.0000000000
10.8266666667 -106.0000000000
10.8533333333 -107.0000000000
10.8800000000 -108.0000000000
10.9066666667 -109.0000000000
10.9333333333 -110.0000000000
10.9600000000 -110.0000000000
10.9866666667 -109.0000000000
11.0133333333 -108.0000000000
11.0400000000 -108.0000000000
11.0666666667 -108.0000000000
11.0933333333 -108.0000000000
11.1200000000 -107.0000000000
11.1466666667 -108.0000000000
11.1733333333 -108.0000000000
11.2000000000 -107.0000000000
11.2266666667 -106.0000000000
11.2533333333 -105.0000000000
11.2800000000 -104.0000000000
11.3066666667 -104.0000000000
11.3333333333 -105.0000000000
11.3600000000 -107.0000000000
11.3866666667 -108.0000000000
11.4133333333 -109.0000000000
11.4400000000 -110.0000000000
11.4666666667 -112.0000000000
11.4933333333 -112.0000000000
11.5200000000 -113.0000000000
11.5466666667 -113.0000000000
11.5733333333 -114.0000000000
11.6000000000 -115.0000000000
11.6266666667 -115.0000000000
11.6533333333 -115.0000000000
11.6800000000 -115.0000000000
11.7066666667 -116.0000000000
11.7333333333 -115.0000000000
11.7600000000 -115.0000000000
11.7866666667 -114.0000000000
11.8133333333 -114.0000000000
11.8400000000 -114.0000000000
11.8666666667 -114.0000000000
11.8933333333 -115.0000000000
11.9200000000 -115.0000000000
11.9466666667 -116.0000000000
11.9733333333 -116.0000000000
12.0000000000 -116.0000000000
12.0266666667 -116.0000000000
12.0533333333 -116.0000000000
12.0800000000 -116.0000000000
12.1066666667 -117.0000000000
12.1333333333 -118.0000000000
12.1600000000 -118.0000000000
12.1866666667 -119.0000000000
12.2133333333 -119.0000000000
12.2400000000 -119.0000000000
12.2666666667 -118.0000000000
12.2933333333 -118.0000000000
12.3200000000 -118.0000000000
12.3466666667 -119.0000000000
12.3733333333 -119.0000000000
12.4000000000 -120.0000000000
12.4266666667 -121.0000000000
12.4533333333 -122.0000000000
12.4800000000 -123.0000000000
12.5066666667 -123.0000000000
12.5333333333 -125.0000000000
12.5600000000 -126.0000000000
12.5866666667 -126.0000000000
12.6133333333 -127.0000000000
12.6400000000 -126.0000000000
12.6666666667 -126.0000000000
12.6933333333 -126.0000000000
12.7200000000 -123.0000000000
12.7466666667 -123.0000000000
12.7733333333 -121.0000000000
12.8000000000 -120.0000000000
12.8266666667 -120.0000000000
12.8533333333 -120.0000000000
12.8800000000 -121.0000000000
12.9066666667 -121.0000000000
12.9333333333 -121.0000000000
12.9600000000 -121.0000000000
12.9866666667 -122.0000000000
13.0133333333 -122.0000000000
13.0400000000 -122.0000000000
13.0666666667 -122.0000000000
13.0933333333 -122.0000000000
13.1200000000 -123.0000000000
13.1466666667 -123.0000000000
13.1733333333 -123.0000000000
13.2000000000 -123.0000000000
13.2266666667 -123.0000000000
13.2533333333 -122.0000000000
13.2800000000 -122.0000000000
13.3066666667 -122.0000000000
13.3333333333 -122.0000000000
13.3600000000 -122.0000000000
13.3866666667 -121.0000000000
13.4133333333 -121.0000000000
13.4400000000 -121.0000000000
13.4666666667 -121.0000000000
13.4933333333 -121.0000000000
13.5200000000 -121.0000000000
13.5466666667 -120.0000000000
13.5733333333 -120.0000000000
13.6000000000 -120.0000000000
13.6266666667 -120.0000000000
13.6533333333 -119.0000000000
13.6800000000 -119.0000000000
13.7066666667 -118.0000000000
13.7333333333 -117.0000000000
13.7600000000 -115.0000000000
13.7866666667 -114.0000000000
13.8133333333 -113.0000000000
13.8400000000 -113.0000000000
13.8666666667 -113.0000000000
13.8933333333 -113.0000000000
13.9200000000 -113.0000000000
13.9466666667 -114.0000000000
13.9733333333 -114.0000000000
14.0000000000 -114.0000000000
14.0266666667 -114.0000000000
14.0533333333 -114.0000000000
14.0800000000 -114.0000000000
14.1066666667 -113.0000000000
14.1333333333 -114.0000000000
14.1600000000 -115.0000000000
14.1866666667 -115.0000000000
14.2133333333 -116.0000000000
14.2400000000 -117.0000000000
14.2666666667 -118.0000000000
14.2933333333 -118.0000000000
14.3200000000 -119.0000000000
14.3466666667 -119.0000000000
14.3733333333 -120.0000000000
14.4000000000 -121.0000000000
14.4266666667 -121.0000000000
14.4533333333 -122.0000000000
14.4800000000 -122.0000000000
14.5066666667 -123.0000000000
14.5333333333 -123.0000000000
14.5600000000 -124.0000000000
14.5866666667 -125.0000000000
14.6133333333 -126.0000000000
14.6400000000 -127.0000000000
14.6666666667 -127.0000000000
14.6933333333 -127.0000000000
14.7200000000 -127.0000000000
14.7466666667 -128.0000000000
14.7733333333 -128.0000000000
14.8000000000 -128.0000000000
14.8266666667 -129.0000000000
14.8533333333 -128.0000000000
14.8800000000 -129.0000000000
14.9066666667 -130.0000000000
14.9333333333 -130.0000000000
14.9600000000 -131.0000000000
14.9866666667 -132.0000000000
15.0133333333 -132.0000000000
15.0400000000 -133.0000000000
15.0666666667 -133.0000000000
15.0933333333 -134.0000000000
15.1200000000 -134.0000000000
15.1466666667 -134.0000000000
15.1733333333 -134.0000000000
15.2000000000 -134.0000000000
15.2266666667 -134.0000000000
15.2533333333 -135.0000000000
15.2800000000 -136.0000000000
15.3066666667 -136.0000000000
15.3333333333 -135.0000000000
15.3600000000 -134.0000000000
15.3866666667 -133.0000000000
15.4133333333 -132.0000000000
15.4400000000 -132.0000000000
15.4666666667 -132.0000000000
15.4933333333 -133.0000000000
15.5200000000 -134.0000000000
15.5466666667 -134.0000000000
15.5733333333 -134.0000000000
15.6000000000 -133.0000000000
15.6266666667 -133.0000000000
15.6533333333 -132.0000000000
15.6800000000 -132.0000000000
15.7066666667 -132.0000000000
15.7333333333 -133.0000000000
15.7600000000 -135.0000000000
15.7866666667 -136.0000000000
15.8133333333 -136.0000000000
15.8400000000 -136.0000000000
15.8666666667 -136.0000000000
15.8933333333 -136.0000000000
15.9200000000 -136.0000000000
15.9466666667 -137.0000000000
15.9733333333 -139.0000000000
16.0000000000 -140.0000000000
16.0266666667 -142.0000000000
16.0533333333 -142.0000000000
16.0800000000 -142.0000000000
16.1066666667 -143.0000000000
16.1333333333 -143.0000000000
16.1600000000 -143.0000000000
16.1866666667 -145.0000000000
16.2133333333 -144.0000000000
16.2400000000 -144.0000000000
16.2666666667 -144.0000000000
16.2933333333 -144.0000000000
16.3200000000 -144.0000000000
16.3466666667 -145.0000000000
16.3733333333 -146.0000000000
16.4000000000 -147.0000000000
16.4266666667 -148.0000000000
16.4533333333 -149.0000000000
16.4800000000 -151.0000000000
16.5066666667 -153.0000000000
16.5333333333 -154.0000000000
16.5600000000 -155.0000000000
16.5866666667 -157.0000000000
16.6133333333 -158.0000000000
16.6400000000 -160.0000000000
16.6666666667 -161.0000000000
16.6933333333 -162.0000000000
16.7200000000 -165.0000000000
16.7466666667 -165.0000000000
16.7733333333 -167.0000000000
16.8000000000 -168.0000000000
16.8266666667 -169.0000000000
16.8533333333 -168.0000000000
16.8800000000 -168.0000000000
16.9066666667 -168.0000000000
16.9333333333 -168.0000000000
16.9600000000 -167.0000000000
16.9866666667 -166.0000000000
17.0133333333 -165.0000000000
17.0400000000 -163.0000000000
17.0666666667 -161.0000000000
17.0933333333 -157.0000000000
17.1200000000 -151.0000000000
17.1466666667 -146.0000000000
17.1733333333 -141.0000000000
17.2000000000 -135.0000000000
17.2266666667 -130.0000000000
17.2533333333 -124.0000000000
17.2800000000 -118.0000000000
17.3066666667 -112.0000000000
17.3333333333 -107.0000000000
17.3600000000 -101.0000000000
17.3866666667 -96.0000000000
17.4133333333 -91.0000000000
17.4400000000 -88.0000000000
17.4666666667 -84.0000000000
17.4933333333 -81.0000000000
17.5200000000 -78.0000000000
17.5466666667 -76.0000000000
17.5733333333 -74.0000000000
17.6000000000 -75.0000000000
17.6266666667 -76.0000000000
17.6533333333 -77.0000000000
17.6800000000 -79.0000000000
17.7066666667 -81.0000000000
17.7333333333 -83.0000000000
17.7600000000 -86.0000000000
17.7866666667 -90.0000000000
17.8133333333 -94.0000000000
17.8400000000 -99.0000000000
17.8666666667 -105.0000000000
17.8933333333 -110.0000000000
17.9200000000 -115.0000000000
17.9466666667 -119.0000000000
17.9733333333 -123.0000000000
18.0000000000 -127.0000000000
18.0266666667 -132.0000000000
18.0533333333 -136.0000000000
18.0800000000 -141.0000000000
18.1066666667 -147.0000000000
18.1333333333 -153.0000000000
18.1600000000 -160.0000000000
18.1866666667 -166.0000000000
18.2133333333 -172.0000000000
18.2400000000 -178.0000000000
18.2666666667 -184.0000000000
18.2933333333 -189.0000000000
18.3200000000 -194.0000000000
18.3466666667 -199.0000000000
18.3733333333 -204.0000000000
18.4000000000 -210.0000000000
18.4266666667 -215.0000000000
18.4533333333 -220.0000000000
18.4800000000 -225.0000000000
18.5066666667 -230.0000000000
18.5333333333 -234.0000000000
18.5600000000 -239.0000000000
18.5866666667 -243.0000000000
18.6133333333 -246.0000000000
18.6400000000 -249.0000000000
18.6666666667 -250.0000000000
18.6933333333 -251.0000000000
18.7200000000 -251.0000000000
18.7466666667 -250.0000000000
18.7733333333 -249.0000000000
18.8000000000 -247.0000000000
18.8266666667 -242.0000000000
18.8533333333 -235.0000000000
18.8800000000 -227.0000000000
18.9066666667 -215.0000000000
18.9333333333 -201.0000000000
18.9600000000 -183.0000000000
18.9866666667 -161.0000000000
19.0133333333 -136.0000000000
19.0400000000 -107.0000000000
19.0666666667 -74.0000000000
19.0933333333 -39.0000000000
19.1200000000 0.0000000000
19.1466666667 41.0000000000
19.1733333333 84.0000000000
19.2000000000 129.0000000000
19.2266666667 175.0000000000
19.2533333333 223.0000000000
19.2800000000 267.0000000000
19.3066666667 309.0000000000
19.3333333333 348.0000000000
19.3600000000 382.0000000000
19.3866666667 412.0000000000
19.4133333333 436.0000000000
19.4400000000 453.0000000000
19.4666666667 463.0000000000
19.4933333333 465.0000000000
19.5200000000 460.0000000000
19.5466666667 449.0000000000
19.5733333333 430.0000000000
19.6000000000 405.0000000000
19.6266666667 375.0000000000
19.6533333333 339.0000000000
19.6800000000 301.0000000000
19.7066666667 260.0000000000
19.7333333333 216.0000000000
19.7600000000 172.0000000000
19.7866666667 127.0000000000
19.8133333333 85.0000000000
19.8400000000 45.0000000000
19.8666666667 5.0000000000
19.8933333333 -31.0000000000
19.9200000000 -65.0000000000
19.9466666667 -97.0000000000
19.9733333333 -127.0000000000
20.0000000000 -154.0000000000
20.0266666667 -179.0000000000
20.0533333333 -201.0000000000
20.0800000000 -220.0000000000
20.1066666667 -236.0000000000
20.1333333333 -251.0000000000
20.1600000000 -263.0000000000
20.1866666667 -274.0000000000
20.2133333333 -282.0000000000
20.2400000000 -288.0000000000
20.2666666667 -289.0000000000
20.2933333333 -288.0000000000
20.3200000000 -285.0000000000
20.3466666667 -278.0000000000
20.3733333333 -268.0000000000
20.4000000000 -255.0000000000
20.4266666667 -237.0000000000
20.4533333333 -216.0000000000
20.4800000000 -192.0000000000
20.5066666667 -166.0000000000
20.5333333333 -137.0000000000
20.5600000000 -107.0000000000
20.5866666667 -75.0000000000
20.6133333333 -44.0000000000
20.6400000000 -14.0000000000
20.6666666667 14.0000000000
20.6933333333 41.0000000000
20.7200000000 65.0000000000
20.7466666667 85.0000000000
20.7733333333 101.0000000000
20.8000000000 111.0000000000
20.8266666667 115.0000000000
20.8533333333 114.0000000000
20.8800000000 108.0000000000
20.9066666667 97.0000000000
20.9333333333 79.0000000000
20.9600000000 59.0000000000
20.9866666667 34.0000000000
21.0133333333 6.0000000000
21.0400000000 -22.0000000000
21.0666666667 -51.0000000000
21.0933333333 -80.0000000000
21.1200000000 -110.0000000000
21.1466666667 -137.0000000000
21.1733333333 -162.0000000000
21.2000000000 -185.0000000000
21.2266666667 -205.0000000000
21.2533333333 -224.0000000000
21.2800000000 -240.0000000000
21.3066666667 -253.0000000000
21.3333333333 -265.0000000000
21.3600000000 -274.0000000000
21.3866666667 -283.0000000000
21.4133333333 -290.0000000000
21.4400000000 -296.0000000000
21.4666666667 -301.0000000000
21.4933333333 -306.0000000000
21.5200000000 -311.0000000000
21.5466666667 -316.0000000000
21.5733333333 -322.0000000000
21.6000000000 -328.0000000000
21.6266666667 -335.0000000000
21.6533333333 -342.0000000000
21.6800000000 -350.0000000000
21.7066666667 -357.0000000000
21.7333333333 -363.0000000000
21.7600000000 -369.0000000000
21.7866666667 -374.0000000000
21.8133333333 -378.0000000000
21.8400000000 -379.0000000000
21.8666666667 -378.0000000000
21.8933333333 -375.0000000000
21.9200000000 -369.0000000000
21.9466666667 -361.0000000000
21.9733333333 -351.0000000000
22.0000000000 -338.0000000000
22.0266666667 -323.0000000000
22.0533333333 -307.0000000000
22.0800000000 -290.0000000000
22.1066666667 -273.0000000000
22.1333333333 -255.0000000000
22.1600000000 -238.0000000000
22.1866666667 -221.0000000000
22.2133333333 -206.0000000000
22.2400000000 -194.0000000000
22.2666666667 -182.0000000000
22.2933333333 -173.0000000000
22.3200000000 -166.0000000000
22.3466666667 -162.0000000000
22.3733333333 -158.0000000000
22.4000000000 -158.0000000000
22.4266666667 -160.0000000000
22.4533333333 -164.0000000000
22.4800000000 -170.0000000000
22.5066666667 -178.0000000000
22.5333333333 -186.0000000000
22.5600000000 -195.0000000000
22.5866666667 -205.0000000000
22.6133333333 -215.0000000000
22.6400000000 -225.0000000000
22.6666666667 -236.0000000000
22.6933333333 -247.0000000000
22.7200000000 -260.0000000000
22.7466666667 -272.0000000000
22.7733333333 -285.0000000000
22.8000000000 -298.0000000000
22.8266666667 -312.0000000000
22.8533333333 -326.0000000000
22.8800000000 -341.0000000000
22.9066666667 -355.0000000000
22.9333333333 -370.0000000000
22.9600000000 -385.0000000000
22.9866666667 -400.0000000000
23.0133333333 -415.0000000000
23.0400000000 -429.0000000000
23.0666666667 -443.0000000000
23.0933333333 -455.0000000000
23.1200000000 -468.0000000000
23.1466666667 -480.0000000000
23.1733333333 -493.0000000000
23.2000000000 -505.0000000000
23.2266666667 -517.0000000000
23.2533333333 -530.0000000000
23.2800000000 -543.0000000000
23.3066666667 -556.0000000000
23.3333333333 -569.0000000000
23.3600000000 -584.0000000000
23.3866666667 -601.0000000000
23.4133333333 -618.0000000000
23.4400000000 -636.0000000000
23.4666666667 -655.0000000000
23.4933333333 -677.0000000000
23.5200000000 -700.0000000000
23.5466666667 -724.0000000000
23.5733333333 -749.0000000000
23.6000000000 -777.0000000000
23.6266666667 -806.0000000000
23.6533333333 -837.0000000000
23.6800000000 -869.0000000000
23.7066666667 -904.0000000000
23.7333333333 -942.0000000000
23.7600000000 -981.0000000000
23.7866666667 -1025.0000000000
23.8133333333 -1070.0000000000
23.8400000000 -1118.0000000000
23.8666666667 -1169.0000000000
23.8933333333 -1223.0000000000
23.9200000000 -1282.0000000000
23.9466666667 -1343.0000000000
23.9733333333 -1408.0000000000
24.0000000000 -1476.0000000000
24.0266666667 -1548.0000000000
24.0533333333 -1626.0000000000
24.0800000000 -1705.0000000000
24.1066666667 -1790.0000000000
24.1333333333 -1877.0000000000
24.1600000000 -1969.0000000000
24.1866666667 -2065.0000000000
24.2133333333 -2164.0000000000
24.2400000000 -2264.0000000000
24.2666666667 -2368.0000000000
24.2933333333 -2474.0000000000
24.3200000000 -2585.0000000000
24.3466666667 -2696.0000000000
24.3733333333 -2811.0000000000
24.4000000000 -2927.0000000000
24.4266666667 -3048.0000000000
24.4533333333 -3172.0000000000
24.4800000000 -3297.0000000000
24.5066666667 -3422.0000000000
24.5333333333 -3548.0000000000
24.5600000000 -3676.0000000000
24.5866666667 -3805.0000000000
24.6133333333 -3930.0000000000
24.6400000000 -4052.0000000000
24.6666666667 -4171.0000000000
24.6933333333 -4283.0000000000
24.7200000000 -4388.0000000000
24.7466666667 -4476.0000000000
24.7733333333 -4550.0000000000
24.8000000000 -4601.0000000000
24.8266666667 -4629.0000000000
24.8533333333 -4622.0000000000
24.8800000000 -4580.0000000000
24.9066666667 -4489.0000000000
24.9333333333 -4348.0000000000
24.9600000000 -4141.0000000000
24.9866666667 -3862.0000000000
25.0133333333 -3506.0000000000
25.0400000000 -3063.0000000000
25.0666666667 -2520.0000000000
25.0933333333 -1873.0000000000
25.1200000000 -1100.0000000000
25.1466666667 -226.0000000000
25.1733333333 763.0000000000
25.2000000000 1874.0000000000
25.2266666667 3105.0000000000
25.2533333333 4467.0000000000
25.2800000000 5899.0000000000
25.3066666667 7414.0000000000
25.3333333333 8998.0000000000
25.3600000000 10626.0000000000
25.3866666667 12290.0000000000
25.4133333333 13912.0000000000
25.4400000000 15479.0000000000
25.4666666667 16974.0000000000
25.4933333333 18352.0000000000
25.5200000000 19602.0000000000
25.5466666667 20657.0000000000
25.5733333333 21499.0000000000
25.6000000000 22132.0000000000
25.6266666667 22517.0000000000
25.6533333333 22662.0000000000
25.6800000000 22549.0000000000
25.7066666667 22197.0000000000
25.7333333333 21604.0000000000
25.7600000000 20799.0000000000
25.7866666667 19773.0000000000
25.8133333333 18605.0000000000
25.8400000000 17294.0000000000
25.8666666667 15865.0000000000
25.8933333333 14357.0000000000
25.9200000000 12769.0000000000
25.9466666667 11193.0000000000
25.9733333333 9614.0000000000
26.0000000000 8063.0000000000
26.0266666667 6541.0000000000
26.0533333333 5071.0000000000
26.0800000000 3686.0000000000
26.1066666667 2400.0000000000
26.1333333333 1181.0000000000
26.1600000000 64.0000000000
26.1866666667 -984.0000000000
26.2133333333 -1917.0000000000
26.2400000000 -2761.0000000000
26.2666666667 -3522.0000000000
26.2933333333 -4203.0000000000
26.3200000000 -4815.0000000000
26.3466666667 -5346.0000000000
26.3733333333 -5808.0000000000
26.4000000000 -6210.0000000000
26.4266666667 -6556.0000000000
26.4533333333 -6853.0000000000
26.4800000000 -7095.0000000000
26.5066666667 -7291.0000000000
26.5333333333 -7444.0000000000
26.5600000000 -7556.0000000000
26.5866666667 -7627.0000000000
26.6133333333 -7661.0000000000
26.6400000000 -7654.0000000000
26.6666666667 -7616.0000000000
26.6933333333 -7538.0000000000
26.7200000000 -7432.0000000000
26.7466666667 -7294.0000000000
26.7733333333 -7137.0000000000
26.8000000000 -6954.0000000000
26.8266666667 -6761.0000000000
26.8533333333 -6552.0000000000
26.8800000000 -6347.0000000000
26.9066666667 -6143.0000000000
26.9333333333 -5949.0000000000
26.9600000000 -5771.0000000000
26.9866666667 -5609.0000000000
27.0133333333 -5474.0000000000
27.0400000000 -5365.0000000000
27.0666666667 -5286.0000000000
27.0933333333 -5231.0000000000
27.1200000000 -5207.0000000000
27.1466666667 -5201.0000000000
27.1733333333 -5218.0000000000
27.2000000000 -5241.0000000000
27.2266666667 -5274.0000000000
27.2533333333 -5302.0000000000
27.2800000000 -5325.0000000000
27.3066666667 -5329.0000000000
27.3333333333 -5315.0000000000
27.3600000000 -5272.0000000000
27.3866666667 -5201.0000000000
27.4133333333 -5098.0000000000
27.4400000000 -4966.0000000000
27.4666666667 -4804.0000000000
27.4933333333 -4614.0000000000
27.5200000000 -4400.0000000000
27.5466666667 -4172.0000000000
27.5733333333 -3937.0000000000
27.6000000000 -3695.0000000000
27.6266666667 -3459.0000000000
27.6533333333 -3226.0000000000
27.6800000000 -3016.0000000000
27.7066666667 -2824.0000000000
27.7333333333 -2658.0000000000
27.7600000000 -2514.0000000000
27.7866666667 -2397.0000000000
27.8133333333 -2305.0000000000
27.8400000000 -2239.0000000000
27.8666666667 -2192.0000000000
27.8933333333 -2164.0000000000
27.9200000000 -2150.0000000000
27.9466666667 -2147.0000000000
27.9733333333 -2151.0000000000
28.0000000000 -2158.0000000000
28.0266666667 -2168.0000000000
28.0533333333 -2174.0000000000
28.0800000000 -2176.0000000000
28.1066666667 -2171.0000000000
28.1333333333 -2160.0000000000
28.1600000000 -2138.0000000000
28.1866666667 -2107.0000000000
28.2133333333 -2066.0000000000
28.2400000000 -2017.0000000000
28.2666666667 -1957.0000000000
28.2933333333 -1887.0000000000
28.3200000000 -1806.0000000000
28.3466666667 -1718.0000000000
28.3733333333 -1623.0000000000
28.4000000000 -1519.0000000000
28.4266666667 -1409.0000000000
28.4533333333 -1290.0000000000
28.4800000000 -1171.0000000000
28.5066666667 -1048.0000000000
28.5333333333 -923.0000000000
28.5600000000 -798.0000000000
28.5866666667 -673.0000000000
28.6133333333 -552.0000000000
28.6400000000 -437.0000000000
28.6666666667 -327.0000000000
28.6933333333 -228.0000000000
28.7200000000 -139.0000000000
28.7466666667 -66.0000000000
28.7733333333 -10.0000000000
28.8000000000 28.0000000000
28.8266666667 48.0000000000
28.8533333333 49.0000000000
28.8800000000 32.0000000000
28.9066666667 -1.0000000000
28.9333333333 -50.0000000000
28.9600000000 -112.0000000000
28.9866666667 -184.0000000000
29.0133333333 -259.0000000000
29.0400000000 -335.0000000000
29.0666666667 -408.0000000000
29.0933333333 -474.0000000000
29.1200000000 -528.0000000000
29.1466666667 -566.0000000000
29.1733333333 -586.0000000000
29.2000000000 -587.0000000000
29.2266666667 -567.0000000000
29.2533333333 -527.0000000000
29.2800000000 -470.0000000000
29.3066666667 -396.0000000000
29.3333333333 -310.0000000000
29.3600000000 -214.0000000000
29.3866666667 -113.0000000000
29.4133333333 -15.0000000000
29.4400000000 74.0000000000
29.4666666667 158.0000000000
29.4933333333 229.0000000000
29.5200000000 285.0000000000
29.5466666667 324.0000000000
29.5733333333 345.0000000000
29.6000000000 351.0000000000
29.6266666667 343.0000000000
29.6533333333 323.0000000000
29.6800000000 295.0000000000
29.7066666667 263.0000000000
29.7333333333 230.0000000000
29.7600000000 202.0000000000
29.7866666667 181.0000000000
29.8133333333 170.0000000000
29.8400000000 174.0000000000
29.8666666667 193.0000000000
29.8933333333 227.0000000000
29.9200000000 276.0000000000
29.9466666667 336.0000000000
29.9733333333 407.0000000000
30.0000000000 487.0000000000
30.0266666667 571.0000000000
30.0533333333 659.0000000000
30.0800000000 745.0000000000
30.1066666667 827.0000000000
30.1333333333 903.0000000000
30.1600000000 971.0000000000
30.1866666667 1029.0000000000
30.2133333333 1075.0000000000
30.2400000000 1108.0000000000
30.2666666667 1127.0000000000
30.2933333333 1134.0000000000
30.3200000000 1126.0000000000
30.3466666667 1106.0000000000
30.3733333333 1074.0000000000
30.4000000000 1033.0000000000
30.4266666667 982.0000000000
30.4533333333 924.0000000000
30.4800000000 862.0000000000
30.5066666667 796.0000000000
30.5333333333 728.0000000000
30.5600000000 660.0000000000
30.5866666667 591.0000000000
30.6133333333 525.0000000000
30.6400000000 461.0000000000
30.6666666667 399.0000000000
30.6933333333 340.0000000000
30.7200000000 283.0000000000
30.7466666667 232.0000000000
30.7733333333 184.0000000000
30.8000000000 139.0000000000
30.8266666667 98.0000000000
30.8533333333 60.0000000000
30.8800000000 27.0000000000
30.9066666667 0.0000000000
30.9333333333 -23.0000000000
30.9600000000 -40.0000000000
30.9866666667 -49.0000000000
31.0133333333 -50.0000000000
31.0400000000 -43.0000000000
31.0666666667 -29.0000000000
31.0933333333 -6.0000000000
31.1200000000 24.0000000000
31.1466666667 60.0000000000
31.1733333333 103.0000000000
31.2000000000 152.0000000000
31.2266666667 208.0000000000
31.2533333333 271.0000000000
31.2800000000 337.0000000000
31.3066666667 408.0000000000
31.3333333333 482.0000000000
31.3600000000 561.0000000000
31.3866666667 644.0000000000
31.4133333333 727.0000000000
31.4400000000 811.0000000000
31.4666666667 895.0000000000
31.4933333333 976.0000000000
31.5200000000 1054.0000000000
31.5466666667 1124.0000000000
31.5733333333 1185.0000000000
31.6000000000 1238.0000000000
31.6266666667 1279.0000000000
31.6533333333 1309.0000000000
31.6800000000 1327.0000000000
31.7066666667 1331.0000000000
31.7333333333 1323.0000000000
31.7600000000 1304.0000000000
31.7866666667 1274.0000000000
31.8133333333 1235.0000000000
31.8400000000 1188.0000000000
31.8666666667 1135.0000000000
31.8933333333 1078.0000000000
31.9200000000 1017.0000000000
31.9466666667 957.0000000000
31.9733333333 899.0000000000
32.0000000000 844.0000000000
32.0266666667 794.0000000000
32.0533333333 750.0000000000
32.0800000000 712.0000000000
32.1066666667 679.0000000000
32.1333333333 653.0000000000
32.1600000000 630.0000000000
32.1866666667 611.0000000000
32.2133333333 595.0000000000
32.2400000000 579.0000000000
32.2666666667 562.0000000000
32.2933333333 543.0000000000
32.3200000000 520.0000000000
32.3466666667 493.0000000000
32.3733333333 463.0000000000
32.4000000000 428.0000000000
32.4266666667 389.0000000000
32.4533333333 346.0000000000
32.4800000000 301.0000000000
32.5066666667 254.0000000000
32.5333333333 206.0000000000
32.5600000000 158.0000000000
32.5866666667 110.0000000000
32.6133333333 66.0000000000
32.6400000000 26.0000000000
32.6666666667 -9.0000000000
32.6933333333 -39.0000000000
32.7200000000 -62.0000000000
32.7466666667 -76.0000000000
32.7733333333 -81.0000000000
32.8000000000 -76.0000000000
32.8266666667 -62.0000000000
32.8533333333 -38.0000000000
32.8800000000 -5.0000000000
32.9066666667 35.0000000000
32.9333333333 81.0000000000
32.9600000000 135.0000000000
32.9866666667 193.0000000000
33.0133333333 252.0000000000
33.0400000000 310.0000000000
33.0666666667 368.0000000000
33.0933333333 422.0000000000
33.1200000000 473.0000000000
33.1466666667 516.0000000000
33.1733333333 552.0000000000
33.2000000000 582.0000000000
33.2266666667 605.0000000000
33.2533333333 620.0000000000
33.2800000000 628.0000000000
33.3066666667 630.0000000000
33.3333333333 627.0000000000
33.3600000000 619.0000000000
33.3866666667 605.0000000000
33.4133333333 588.0000000000
33.4400000000 568.0000000000
33.4666666667 546.0000000000
33.4933333333 522.0000000000
33.5200000000 497.0000000000
33.5466666667 472.0000000000
33.5733333333 447.0000000000
33.6000000000 421.0000000000
33.6266666667 394.0000000000
33.6533333333 364.0000000000
33.6800000000 333.0000000000
33.7066666667 299.0000000000
33.7333333333 262.0000000000
33.7600000000 223.0000000000
33.7866666667 182.0000000000
33.8133333333 139.0000000000
33.8400000000 96.0000000000
33.8666666667 55.0000000000
33.8933333333 15.0000000000
33.9200000000 -22.0000000000
33.9466666667 -57.0000000000
33.9733333333 -86.0000000000
34.0000000000 -110.0000000000
34.0266666667 -127.0000000000
34.0533333333 -139.0000000000
34.0800000000 -145.0000000000
34.1066666667 -144.0000000000
34.1333333333 -140.0000000000
34.1600000000 -133.0000000000
34.1866666667 -124.0000000000
34.2133333333 -116.0000000000
34.2400000000 -110.0000000000
34.2666666667 -106.0000000000
34.2933333333 -107.0000000000
34.3200000000 -114.0000000000
34.3466666667 -128.0000000000
34.3733333333 -149.0000000000
34.4000000000 -177.0000000000
34.4266666667 -213.0000000000
34.4533333333 -255.0000000000
34.4800000000 -302.0000000000
34.5066666667 -355.0000000000
34.5333333333 -410.0000000000
34.5600000000 -468.0000000000
34.5866666667 -527.0000000000
34.6133333333 -584.0000000000
34.6400000000 -637.0000000000
34.6666666667 -685.0000000000
34.6933333333 -725.0000000000
34.7200000000 -756.0000000000
34.7466666667 -776.0000000000
34.7733333333 -782.0000000000
34.8000000000 -776.0000000000
34.8266666667 -755.0000000000
34.8533333333 -719.0000000000
34.8800000000 -671.0000000000
34.9066666667 -610.0000000000
34.9333333333 -539.0000000000
34.9600000000 -458.0000000000
34.9866666667 -369.0000000000
35.0133333333 -278.0000000000
35.0400000000 -186.0000000000
35.0666666667 -93.0000000000
35.0933333333 -5.0000000000
35.1200000000 77.0000000000
35.1466666667 152.0000000000
35.1733333333 218.0000000000
35.2000000000 275.0000000000
35.2266666667 322.0000000000
35.2533333333 360.0000000000
35.2800000000 387.0000000000
35.3066666667 406.0000000000
35.3333333333 417.0000000000
35.3600000000 420.0000000000
35.3866666667 417.0000000000
35.4133333333 408.0000000000
35.4400000000 395.0000000000
35.4666666667 378.0000000000
35.4933333333 358.0000000000
35.5200000000 335.0000000000
35.5466666667 311.0000000000
35.5733333333 286.0000000000
35.6000000000 260.0000000000
35.6266666667 234.0000000000
35.6533333333 209.0000000000
35.6800000000 184.0000000000
35.7066666667 160.0000000000
35.7333333333 137.0000000000
35.7600000000 116.0000000000
35.7866666667 95.0000000000
35.8133333333 75.0000000000
35.8400000000 57.0000000000
35.8666666667 38.0000000000
35.8933333333 19.0000000000
35.9200000000 0.0000000000
35.9466666667 -20.0000000000
35.9733333333 -43.0000000000
36.0000000000 -67.0000000000
36.0266666667 -92.0000000000
36.0533333333 -120.0000000000
36.0800000000 -150.0000000000
36.1066666667 -180.0000000000
36.1333333333 -211.0000000000
36.1600000000 -243.0000000000
36.1866666667 -275.0000000000
36.2133333333 -306.0000000000
36.2400000000 -337.0000000000
36.2666666667 -366.0000000000
36.2933333333 -395.0000000000
36.3200000000 -422.0000000000
36.3466666667 -446.0000000000
36.3733333333 -469.0000000000
36.4000000000 -488.0000000000
36.4266666667 -504.0000000000
36.4533333333 -517.0000000000
36.4800000000 -525.0000000000
36.5066666667 -528.0000000000
36.5333333333 -526.0000000000
36.5600000000 -519.0000000000
36.5866666667 -506.0000000000
36.6133333333 -488.0000000000
36.6400000000 -464.0000000000
36.6666666667 -434.0000000000
36.6933333333 -399.0000000000
36.7200000000 -358.0000000000
36.7466666667 -314.0000000000
36.7733333333 -265.0000000000
36.8000000000 -213.0000000000
36.8266666667 -156.0000000000
36.8533333333 -96.0000000000
36.8800000000 -35.0000000000
36.9066666667 25.0000000000
36.9333333333 88.0000000000
36.9600000000 150.0000000000
36.9866666667 213.0000000000
37.0133333333 272.0000000000
37.0400000000 328.0000000000
37.0666666667 380.0000000000
37.0933333333 426.0000000000
37.1200000000 465.0000000000
37.1466666667 494.0000000000
37.1733333333 512.0000000000
37.2000000000 519.0000000000
37.2266666667 515.0000000000
37.2533333333 498.0000000000
37.2800000000 471.0000000000
37.3066666667 432.0000000000
37.3333333333 382.0000000000
37.3600000000 323.0000000000
37.3866666667 254.0000000000
37.4133333333 182.0000000000
37.4400000000 106.0000000000
37.4666666667 31.0000000000
37.4933333333 -42.0000000000
37.5200000000 -114.0000000000
37.5466666667 -179.0000000000
37.5733333333 -236.0000000000
37.6000000000 -281.0000000000
37.6266666667 -315.0000000000
37.6533333333 -336.0000000000
37.6800000000 -344.0000000000
37.7066666667 -338.0000000000
37.7333333333 -320.0000000000
37.7600000000 -290.0000000000
37.7866666667 -251.0000000000
37.8133333333 -204.0000000000
37.8400000000 -153.0000000000
37.8666666667 -100.0000000000
37.8933333333 -49.0000000000
37.9200000000 -2.0000000000
37.9466666667 36.0000000000
37.9733333333 67.0000000000
38.0000000000 86.0000000000
38.0266666667 94.0000000000
38.0533333333 88.0000000000
38.0800000000 70.0000000000
38.1066666667 40.0000000000
38.1333333333 0.0000000000
38.1600000000 -50.0000000000
38.1866666667 -108.0000000000
38.2133333333 -168.0000000000
38.2400000000 -229.0000000000
38.2666666667 -288.0000000000
38.2933333333 -343.0000000000
38.3200000000 -392.0000000000
38.3466666667 -432.0000000000
38.3733333333 -462.0000000000
38.4000000000 -480.0000000000
38.4266666667 -485.0000000000
38.4533333333 -478.0000000000
38.4800000000 -458.0000000000
38.5066666667 -428.0000000000
38.5333333333 -387.0000000000
38.5600000000 -339.0000000000
38.5866666667 -284.0000000000
38.6133333333 -226.0000000000
38.6400000000 -166.0000000000
38.6666666667 -105.0000000000
38.6933333333 -47.0000000000
38.7200000000 6.0000000000
38.7466666667 54.0000000000
38.7733333333 97.0000000000
38.8000000000 134.0000000000
38.8266666667 164.0000000000
38.8533333333 188.0000000000
38.8800000000 204.0000000000
38.9066666667 214.0000000000
38.9333333333 218.0000000000
38.9600000000 218.0000000000
38.9866666667 214.0000000000
39.0133333333 207.0000000000
39.0400000000 197.0000000000
39.0666666667 183.0000000000
39.0933333333 168.0000000000
39.1200000000 149.0000000000
39.1466666667 130.0000000000
39.1733333333 108.0000000000
39.2000000000 86.0000000000
39.2266666667 64.0000000000
39.2533333333 41.0000000000
39.2800000000 19.0000000000
39.3066666667 -1.0000000000
39.3333333333 -18.0000000000
39.3600000000 -31.0000000000
39.3866666667 -40.0000000000
39.4133333333 -43.0000000000
39.4400000000 -41.0000000000
39.4666666667 -34.0000000000
39.4933333333 -22.0000000000
39.5200000000 -6.0000000000
39.5466666667 11.0000000000
39.5733333333 32.0000000000
39.6000000000 52.0000000000
39.6266666667 70.0000000000
39.6533333333 84.0000000000
39.6800000000 92.0000000000
39.7066666667 92.0000000000
39.7333333333 84.0000000000
39.7600000000 67.0000000000
39.7866666667 39.0000000000
39.8133333333 2.0000000000
39.8400000000 -44.0000000000
39.8666666667 -100.0000000000
39.8933333333 -162.0000000000
39.9200000000 -231.0000000000
39.9466666667 -300.0000000000
39.9733333333 -369.0000000000
40.0000000000 -436.0000000000
40.0266666667 -497.0000000000
40.0533333333 -551.0000000000
40.0800000000 -594.0000000000
40.1066666667 -624.0000000000
40.1333333333 -641.0000000000
40.1600000000 -643.0000000000
40.1866666667 -631.0000000000
40.2133333333 -606.0000000000
40.2400000000 -567.0000000000
40.2666666667 -518.0000000000
40.2933333333 -458.0000000000
40.3200000000 -389.0000000000
40.3466666667 -316.0000000000
40.3733333333 -239.0000000000
40.4000000000 -158.0000000000
40.4266666667 -77.0000000000
40.4533333333 2.0000000000
40.4800000000 78.0000000000
40.5066666667 153.0000000000
40.5333333333 225.0000000000
40.5600000000 293.0000000000
40.5866666667 358.0000000000
40.6133333333 415.0000000000
40.6400000000 467.0000000000
40.6666666667 511.0000000000
40.6933333333 547.0000000000
40.7200000000 575.0000000000
40.7466666667 592.0000000000
40.7733333333 598.0000000000
40.8000000000 594.0000000000
40.8266666667 579.0000000000
40.8533333333 552.0000000000
40.8800000000 515.0000000000
40.9066666667 470.0000000000
40.9333333333 417.0000000000
40.9600000000 358.0000000000
40.9866666667 296.0000000000
41.0133333333 234.0000000000
41.0400000000 175.0000000000
41.0666666667 119.0000000000
41.0933333333 70.0000000000
41.1200000000 30.0000000000
41.1466666667 -1.0000000000
41.1733333333 -22.0000000000
41.2000000000 -33.0000000000
41.2266666667 -34.0000000000
41.2533333333 -24.0000000000
41.2800000000 -6.0000000000
41.3066666667 16.0000000000
41.3333333333 44.0000000000
41.3600000000 72.0000000000
41.3866666667 100.0000000000
41.4133333333 123.0000000000
41.4400000000 140.0000000000
41.4666666667 147.0000000000
41.4933333333 144.0000000000
41.5200000000 129.0000000000
41.5466666667 100.0000000000
41.5733333333 60.0000000000
41.6000000000 8.0000000000
41.6266666667 -54.0000000000
41.6533333333 -126.0000000000
41.6800000000 -202.0000000000
41.7066666667 -280.0000000000
41.7333333333 -357.0000000000
41.7600000000 -430.0000000000
41.7866666667 -494.0000000000
41.8133333333 -547.0000000000
41.8400000000 -586.0000000000
41.8666666667 -609.0000000000
41.8933333333 -615.0000000000
41.9200000000 -603.0000000000
41.9466666667 -574.0000000000
41.9733333333 -528.0000000000
42.0000000000 -468.0000000000
42.0266666667 -394.0000000000
42.0533333333 -309.0000000000
42.0800000000 -217.0000000000
42.1066666667 -120.0000000000
42.1333333333 -22.0000000000
42.1600000000 73.0000000000
42.1866666667 170.0000000000
42.2133333333 260.0000000000
42.2400000000 343.0000000000
42.2666666667 416.0000000000
42.2933333333 478.0000000000
42.3200000000 529.0000000000
42.3466666667 565.0000000000
42.3733333333 589.0000000000
42.4000000000 598.0000000000
42.4266666667 595.0000000000
42.4533333333 578.0000000000
42.4800000000 550.0000000000
42.5066666667 512.0000000000
42.5333333333 465.0000000000
42.5600000000 411.0000000000
42.5866666667 351.0000000000
42.6133333333 289.0000000000
42.6400000000 227.0000000000
42.6666666667 166.0000000000
42.6933333333 110.0000000000
42.7200000000 59.0000000000
42.7466666667 17.0000000000
42.7733333333 -16.0000000000
42.8000000000 -42.0000000000
42.8266666667 -60.0000000000
42.8533333333 -69.0000000000
42.8800000000 -70.0000000000
42.9066666667 -63.0000000000
42.9333333333 -51.0000000000
42.9600000000 -32.0000000000
42.9866666667 -9.0000000000
43.0133333333 15.0000000000
43.0400000000 41.0000000000
43.0666666667 69.0000000000
43.0933333333 97.0000000000
43.1200000000 125.0000000000
43.1466666667 151.0000000000
43.1733333333 175.0000000000
43.2000000000 195.0000000000
43.2266666667 212.0000000000
43.2533333333 224.0000000000
43.2800000000 230.0000000000
43.3066666667 231.0000000000
43.3333333333 225.0000000000
43.3600000000 212.0000000000
43.3866666667 193.0000000000
43.4133333333 167.0000000000
43.4400000000 136.0000000000
43.4666666667 99.0000000000
43.4933333333 60.0000000000
43.5200000000 17.0000000000
43.5466666667 -24.0000000000
43.5733333333 -66.0000000000
43.6000000000 -105.0000000000
43.6266666667 -139.0000000000
43.6533333333 -168.0000000000
43.6800000000 -190.0000000000
43.7066666667 -203.0000000000
43.7333333333 -207.0000000000
43.7600000000 -203.0000000000
43.7866666667 -190.0000000000
43.8133333333 -168.0000000000
43.8400000000 -139.0000000000
43.8666666667 -102.0000000000
43.8933333333 -60.0000000000
43.9200000000 -14.0000000000
43.9466666667 34.0000000000
43.9733333333 83.0000000000
44.0000000000 134.0000000000
44.0266666667 183.0000000000
44.0533333333 231.0000000000
44.0800000000 273.0000000000
44.1066666667 311.0000000000
44.1333333333 344.0000000000
44.1600000000 372.0000000000
44.1866666667 394.0000000000
44.2133333333 411.0000000000
44.2400000000 422.0000000000
44.2666666667 427.0000000000
44.2933333333 428.0000000000
44.3200000000 425.0000000000
44.3466666667 419.0000000000
44.3733333333 410.0000000000
44.4000000000 400.0000000000
44.4266666667 387.0000000000
44.4533333333 373.0000000000
44.4800000000 359.0000000000
44.5066666667 345.0000000000
44.5333333333 332.0000000000
44.5600000000 320.0000000000
44.5866666667 309.0000000000
44.6133333333 300.0000000000
44.6400000000 294.0000000000
44.6666666667 289.0000000000
44.6933333333 288.0000000000
44.7200000000 290.0000000000
44.7466666667 292.0000000000
44.7733333333 298.0000000000
44.8000000000 304.0000000000
44.8266666667 311.0000000000
44.8533333333 318.0000000000
44.8800000000 323.0000000000
44.9066666667 327.0000000000
44.9333333333 327.0000000000
44.9600000000 323.0000000000
44.9866666667 314.0000000000
45.0133333333 298.0000000000
45.0400000000 276.0000000000
45.0666666667 247.0000000000
45.0933333333 210.0000000000
45.1200000000 166.0000000000
45.1466666667 117.0000000000
45.1733333333 64.0000000000
45.2000000000 6.0000000000
45.2266666667 -53.0000000000
45.2533333333 -115.0000000000
45.2800000000 -175.0000000000
45.3066666667 -231.0000000000
45.3333333333 -283.0000000000
45.3600000000 -328.0000000000
45.3866666667 -365.0000000000
45.4133333333 -393.0000000000
45.4400000000 -411.0000000000
45.4666666667 -419.0000000000
45.4933333333 -417.0000000000
45.5200000000 -403.0000000000
45.5466666667 -381.0000000000
45.5733333333 -350.0000000000
45.6000000000 -313.0000000000
45.6266666667 -269.0000000000
45.6533333333 -220.0000000000
45.6800000000 -170.0000000000
45.7066666667 -117.0000000000
45.7333333333 -64.0000000000
45.7600000000 -14.0000000000
45.7866666667 33.0000000000
45.8133333333 77.0000000000
45.8400000000 118.0000000000
45.8666666667 156.0000000000
45.8933333333 190.0000000000
45.9200000000 220.0000000000
45.9466666667 246.0000000000
45.9733333333 268.0000000000
46.0000000000 286.0000000000
46.0266666667 302.0000000000
46.0533333333 316.0000000000
46.0800000000 327.0000000000
46.1066666667 336.0000000000
46.1333333333 343.0000000000
46.1600000000 349.0000000000
46.1866666667 353.0000000000
46.2133333333 358.0000000000
46.2400000000 362.0000000000
46.2666666667 365.0000000000
46.2933333333 368.0000000000
46.3200000000 370.0000000000
46.3466666667 372.0000000000
46.3733333333 372.0000000000
46.4000000000 371.0000000000
46.4266666667 367.0000000000
46.4533333333 362.0000000000
46.4800000000 354.0000000000
46.5066666667 341.0000000000
46.5333333333 325.0000000000
46.5600000000 304.0000000000
46.5866666667 278.0000000000
46.6133333333 249.0000000000
46.6400000000 216.0000000000
46.6666666667 180.0000000000
46.6933333333 142.0000000000
46.7200000000 101.0000000000
46.7466666667 60.0000000000
46.7733333333 19.0000000000
46.8000000000 -18.0000000000
46.8266666667 -55.0000000000
46.8533333333 -88.0000000000
46.8800000000 -116.0000000000
46.9066666667 -139.0000000000
46.9333333333 -157.0000000000
46.9600000000 -169.0000000000
46.9866666667 -176.0000000000
47.0133333333 -176.0000000000
47.0400000000 -171.0000000000
47.0666666667 -162.0000000000
47.0933333333 -148.0000000000
47.1200000000 -131.0000000000
47.1466666667 -111.0000000000
47.1733333333 -89.0000000000
47.2000000000 -65.0000000000
47.2266666667 -41.0000000000
47.2533333333 -17.0000000000
47.2800000000 7.0000000000
47.3066666667 30.0000000000
47.3333333333 52.0000000000
47.3600000000 73.0000000000
47.3866666667 93.0000000000
47.4133333333 112.0000000000
47.4400000000 131.0000000000
47.4666666667 150.0000000000
47.4933333333 168.0000000000
47.5200000000 186.0000000000
47.5466666667 203.0000000000
47.5733333333 220.0000000000
47.6000000000 237.0000000000
47.6266666667 254.0000000000
47.6533333333 270.0000000000
47.6800000000 284.0000000000
47.7066666667 297.0000000000
47.7333333333 307.0000000000
47.7600000000 314.0000000000
47.7866666667 320.0000000000
47.8133333333 321.0000000000
47.8400000000 320.0000000000
47.8666666667 315.0000000000
47.8933333333 308.0000000000
47.9200000000 297.0000000000
47.9466666667 285.0000000000
47.9733333333 270.0000000000
48.0000000000 254.0000000000
48.0266666667 236.0000000000
48.0533333333 218.0000000000
48.0800000000 201.0000000000
48.1066666667 184.0000000000
48.1333333333 169.0000000000
48.1600000000 155.0000000000
48.1866666667 144.0000000000
48.2133333333 135.0000000000
48.2400000000 128.0000000000
48.2666666667 122.0000000000
48.2933333333 118.0000000000
48.3200000000 114.0000000000
48.3466666667 110.0000000000
48.3733333333 105.0000000000
48.4000000000 99.0000000000
48.4266666667 91.0000000000
48.4533333333 81.0000000000
48.4800000000 69.0000000000
48.5066666667 55.0000000000
48.5333333333 39.0000000000
48.5600000000 20.0000000000
48.5866666667 0.0000000000
48.6133333333 -23.0000000000
48.6400000000 -46.0000000000
48.6666666667 -71.0000000000
48.6933333333 -95.0000000000
48.7200000000 -119.0000000000
48.7466666667 -142.0000000000
48.7733333333 -163.0000000000
48.8000000000 -181.0000000000
48.8266666667 -195.0000000000
48.8533333333 -205.0000000000
48.8800000000 -212.0000000000
48.9066666667 -214.0000000000
48.9333333333 -213.0000000000
48.9600000000 -207.0000000000
48.9866666667 -198.0000000000
49.0133333333 -187.0000000000
49.0400000000 -173.0000000000
49.0666666667 -158.0000000000
49.0933333333 -142.0000000000
49.1200000000 -126.0000000000
49.1466666667 -111.0000000000
49.1733333333 -97.0000000000
49.2000000000 -85.0000000000
49.2266666667 -74.0000000000
49.2533333333 -67.0000000000
49.2800000000 -62.0000000000
49.3066666667 -59.0000000000
49.3333333333 -57.0000000000
49.3600000000 -57.0000000000
49.3866666667 -58.0000000000
49.4133333333 -60.0000000000
49.4400000000 -61.0000000000
49.4666666667 -61.0000000000
49.4933333333 -59.0000000000
49.5200000000 -55.0000000000
49.5466666667 -49.0000000000
49.5733333333 -40.0000000000
49.6000000000 -29.0000000000
49.6266666667 -15.0000000000
49.6533333333 1.0000000000
49.6800000000 20.0000000000
49.7066666667 41.0000000000
49.7333333333 62.0000000000
49.7600000000 85.0000000000
49.7866666667 109.0000000000
49.8133333333 132.0000000000
49.8400000000 154.0000000000
49.8666666667 176.0000000000
49.8933333333 196.0000000000
49.9200000000 214.0000000000
49.9466666667 229.0000000000
49.9733333333 240.0000000000
50.0000000000 249.0000000000
50.0266666667 253.0000000000
50.0533333333 253.0000000000
50.0800000000 248.0000000000
50.1066666667 239.0000000000
50.1333333333 225.0000000000
50.1600000000 206.0000000000
50.1866666667 182.0000000000
50.2133333333 155.0000000000
50.2400000000 124.0000000000
50.2666666667 89.0000000000
50.2933333333 52.0000000000
50.3200000000 12.0000000000
50.3466666667 -27.0000000000
50.3733333333 -68.0000000000
50.4000000000 -108.0000000000
50.4266666667 -147.0000000000
50.4533333333 -184.0000000000
50.4800000000 -217.0000000000
50.5066666667 -246.0000000000
50.5333333333 -270.0000000000
50.5600000000 -289.0000000000
50.5866666667 -301.0000000000
50.6133333333 -309.0000000000
50.6400000000 -311.0000000000
50.6666666667 -310.0000000000
50.6933333333 -305.0000000000
50.7200000000 -297.0000000000
50.7466666667 -288.0000000000
50.7733333333 -278.0000000000
50.8000000000 -269.0000000000
50.8266666667 -261.0000000000
50.8533333333 -254.0000000000
50.8800000000 -251.0000000000
50.9066666667 -248.0000000000
50.9333333333 -249.0000000000
50.9600000000 -250.0000000000
50.9866666667 -251.0000000000
51.0133333333 -252.0000000000
51.0400000000 -251.0000000000
51.0666666667 -246.0000000000
51.0933333333 -238.0000000000
51.1200000000 -225.0000000000
51.1466666667 -206.0000000000
51.1733333333 -181.0000000000
51.2000000000 -150.0000000000
51.2266666667 -114.0000000000
51.2533333333 -73.0000000000
51.2800000000 -31.0000000000
51.3066666667 12.0000000000
51.3333333333 57.0000000000
51.3600000000 101.0000000000
51.3866666667 144.0000000000
51.4133333333 183.0000000000
51.4400000000 217.0000000000
51.4666666667 247.0000000000
51.4933333333 270.0000000000
51.5200000000 287.0000000000
51.5466666667 298.0000000000
51.5733333333 303.0000000000
51.6000000000 302.0000000000
51.6266666667 295.0000000000
51.6533333333 284.0000000000
51.6800000000 268.0000000000
51.7066666667 247.0000000000
51.7333333333 224.0000000000
51.7600000000 196.0000000000
51.7866666667 166.0000000000
51.8133333333 134.0000000000
51.8400000000 99.0000000000
51.8666666667 64.0000000000
51.8933333333 28.0000000000
51.9200000000 -8.0000000000
51.9466666667 -44.0000000000
51.9733333333 -80.0000000000
52.0000000000 -115.0000000000
52.0266666667 -149.0000000000
52.0533333333 -181.0000000000
52.0800000000 -211.0000000000
52.1066666667 -239.0000000000
52.1333333333 -263.0000000000
52.1600000000 -285.0000000000
52.1866666667 -304.0000000000
52.2133333333 -318.0000000000
52.2400000000 -329.0000000000
52.2666666667 -336.0000000000
52.2933333333 -338.0000000000
52.3200000000 -337.0000000000
52.3466666667 -330.0000000000
52.3733333333 -321.0000000000
52.4000000000 -308.0000000000
52.4266666667 -293.0000000000
52.4533333333 -275.0000000000
52.4800000000 -257.0000000000
52.5066666667 -238.0000000000
52.5333333333 -219.0000000000
52.5600000000 -201.0000000000
52.5866666667 -185.0000000000
52.6133333333 -172.0000000000
52.6400000000 -162.0000000000
52.6666666667 -156.0000000000
52.6933333333 -151.0000000000
52.7200000000 -151.0000000000
52.7466666667 -153.0000000000
52.7733333333 -158.0000000000
52.8000000000 -165.0000000000
52.8266666667 -173.0000000000
52.8533333333 -182.0000000000
52.8800000000 -190.0000000000
52.9066666667 -196.0000000000
52.9333333333 -200.0000000000
52.9600000000 -201.0000000000
52.9866666667 -200.0000000000
53.0133333333 -194.0000000000
53.0400000000 -185.0000000000
53.0666666667 -171.0000000000
53.0933333333 -154.0000000000
53.1200000000 -134.0000000000
53.1466666667 -112.0000000000
53.1733333333 -88.0000000000
53.2000000000 -63.0000000000
53.2266666667 -37.0000000000
53.2533333333 -11.0000000000
53.2800000000 14.0000000000
53.3066666667 39.0000000000
53.3333333333 61.0000000000
53.3600000000 82.0000000000
53.3866666667 99.0000000000
53.4133333333 113.0000000000
53.4400000000 123.0000000000
53.4666666667 129.0000000000
53.4933333333 130.0000000000
53.5200000000 126.0000000000
53.5466666667 118.0000000000
53.5733333333 104.0000000000
53.6000000000 87.0000000000
53.6266666667 66.0000000000
53.6533333333 40.0000000000
53.6800000000 13.0000000000
53.7066666667 -17.0000000000
53.7333333333 -48.0000000000
53.7600000000 -80.0000000000
53.7866666667 -110.0000000000
53.8133333333 -137.0000000000
53.8400000000 -161.0000000000
53.8666666667 -179.0000000000
53.8933333333 -193.0000000000
53.9200000000 -201.0000000000
53.9466666667 -203.0000000000
53.9733333333 -200.0000000000
54.0000000000 -192.0000000000
54.0266666667 -179.0000000000
54.0533333333 -162.0000000000
54.0800000000 -141.0000000000
54.1066666667 -119.0000000000
54.1333333333 -94.0000000000
54.1600000000 -70.0000000000
54.1866666667 -48.0000000000
54.2133333333 -28.0000000000
54.2400000000 -11.0000000000
54.2666666667 2.0000000000
54.2933333333 12.0000000000
54.3200000000 18.0000000000
54.3466666667 20.0000000000
54.3733333333 17.0000000000
54.4000000000 10.0000000000
54.4266666667 0.0000000000
54.4533333333 -13.0000000000
54.4800000000 -28.0000000000
54.5066666667 -44.0000000000
54.5333333333 -60.0000000000
54.5600000000 -76.0000000000
54.5866666667 -89.0000000000
54.6133333333 -100.0000000000
54.6400000000 -107.0000000000
54.6666666667 -110.0000000000
54.6933333333 -108.0000000000
54.7200000000 -101.0000000000
54.7466666667 -89.0000000000
54.7733333333 -72.0000000000
54.8000000000 -50.0000000000
54.8266666667 -24.0000000000
54.8533333333 8.0000000000
54.8800000000 43.0000000000
54.9066666667 82.0000000000
54.9333333333 124.0000000000
54.9600000000 168.0000000000
54.9866666667 214.0000000000
55.0133333333 261.0000000000
55.0400000000 305.0000000000
55.0666666667 349.0000000000
55.0933333333 391.0000000000
55.1200000000 430.0000000000
55.1466666667 466.0000000000
55.1733333333 497.0000000000
55.2000000000 524.0000000000
55.2266666667 548.0000000000
55.2533333333 566.0000000000
55.2800000000 580.0000000000
55.3066666667 589.0000000000
55.3333333333 594.0000000000
55.3600000000 594.0000000000
55.3866666667 591.0000000000
55.4133333333 584.0000000000
55.4400000000 574.0000000000
55.4666666667 562.0000000000
55.4933333333 547.0000000000
55.5200000000 530.0000000000
55.5466666667 513.0000000000
55.5733333333 494.0000000000
55.6000000000 475.0000000000
55.6266666667 455.0000000000
55.6533333333 435.0000000000
55.6800000000 414.0000000000
55.7066666667 393.0000000000
55.7333333333 371.0000000000
55.7600000000 349.0000000000
55.7866666667 327.0000000000
55.8133333333 304.0000000000
55.8400000000 281.0000000000
55.8666666667 258.0000000000
55.8933333333 235.0000000000
55.9200000000 213.0000000000
55.9466666667 192.0000000000
55.9733333333 172.0000000000
56.0000000000 154.0000000000
56.0266666667 138.0000000000
56.0533333333 123.0000000000
56.0800000000 112.0000000000
56.1066666667 103.0000000000
56.1333333333 97.0000000000
56.1600000000 93.0000000000
56.1866666667 92.0000000000
56.2133333333 93.0000000000
56.2400000000 96.0000000000
56.2666666667 100.0000000000
56.2933333333 106.0000000000
56.3200000000 112.0000000000
56.3466666667 119.0000000000
56.3733333333 126.0000000000
56.4000000000 135.0000000000
56.4266666667 143.0000000000
56.4533333333 152.0000000000
56.4800000000 162.0000000000
56.5066666667 172.0000000000
56.5333333333 183.0000000000
56.5600000000 196.0000000000
56.5866666667 208.0000000000
56.6133333333 221.0000000000
56.6400000000 235.0000000000
56.6666666667 247.0000000000
56.6933333333 260.0000000000
56.7200000000 274.0000000000
56.7466666667 286.0000000000
56.7733333333 297.0000000000
56.8000000000 308.0000000000
56.8266666667 316.0000000000
56.8533333333 323.0000000000
56.8800000000 327.0000000000
56.9066666667 330.0000000000
56.9333333333 329.0000000000
56.9600000000 324.0000000000
56.9866666667 316.0000000000
57.0133333333 304.0000000000
57.0400000000 288.0000000000
57.0666666667 269.0000000000
57.0933333333 247.0000000000
57.1200000000 221.0000000000
57.1466666667 192.0000000000
57.1733333333 162.0000000000
57.2000000000 130.0000000000
57.2266666667 97.0000000000
57.2533333333 63.0000000000
57.2800000000 31.0000000000
57.3066666667 -1.0000000000
57.3333333333 -32.0000000000
57.3600000000 -63.0000000000
57.3866666667 -92.0000000000
57.4133333333 -119.0000000000
57.4400000000 -143.0000000000
57.4666666667 -165.0000000000
57.4933333333 -183.0000000000
57.5200000000 -200.0000000000
57.5466666667 -213.0000000000
57.5733333333 -224.0000000000
57.6000000000 -233.0000000000
57.6266666667 -240.0000000000
57.6533333333 -245.0000000000
57.6800000000 -249.0000000000
57.7066666667 -250.0000000000
57.7333333333 -251.0000000000
57.7600000000 -251.0000000000
57.7866666667 -249.0000000000
57.8133333333 -246.0000000000
57.8400000000 -242.0000000000
57.8666666667 -237.0000000000
57.8933333333 -230.0000000000
57.9200000000 -222.0000000000
57.9466666667 -212.0000000000
57.9733333333 -202.0000000000
58.0000000000 -190.0000000000
58.0266666667 -178.0000000000
58.0533333333 -164.0000000000
58.0800000000 -149.0000000000
58.1066666667 -133.0000000000
58.1333333333 -115.0000000000
58.1600000000 -96.0000000000
58.1866666667 -76.0000000000
58.2133333333 -55.0000000000
58.2400000000 -33.0000000000
58.2666666667 -10.0000000000
58.2933333333 13.0000000000
58.3200000000 38.0000000000
58.3466666667 63.0000000000
58.3733333333 88.0000000000
58.4000000000 113.0000000000
58.4266666667 138.0000000000
58.4533333333 162.0000000000
58.4800000000 183.0000000000
58.5066666667 202.0000000000
58.5333333333 219.0000000000
58.5600000000 233.0000000000
58.5866666667 244.0000000000
58.6133333333 250.0000000000
58.6400000000 254.0000000000
58.6666666667 254.0000000000
58.6933333333 253.0000000000
58.7200000000 250.0000000000
58.7466666667 246.0000000000
58.7733333333 242.0000000000
58.8000000000 239.0000000000
58.8266666667 237.0000000000
58.8533333333 236.0000000000
58.8800000000 238.0000000000
58.9066666667 240.0000000000
58.9333333333 245.0000000000
58.9600000000 250.0000000000
58.9866666667 257.0000000000
59.0133333333 263.0000000000
59.0400000000 269.0000000000
59.0666666667 274.0000000000
59.0933333333 276.0000000000
59.1200000000 275.0000000000
59.1466666667 271.0000000000
59.1733333333 263.0000000000
59.2000000000 250.0000000000
59.2266666667 234.0000000000
59.2533333333 214.0000000000
59.2800000000 192.0000000000
59.3066666667 168.0000000000
59.3333333333 144.0000000000
59.3600000000 118.0000000000
59.3866666667 92.0000000000
59.4133333333 67.0000000000
59.4400000000 43.0000000000
59.4666666667 21.0000000000
59.4933333333 0.0000000000
59.5200000000 -20.0000000000
59.5466666667 -37.0000000000
59.5733333333 -52.0000000000
59.6000000000 -65.0000000000
59.6266666667 -76.0000000000
59.6533333333 -86.0000000000
59.6800000000 -93.0000000000
59.7066666667 -100.0000000000
59.7333333333 -106.0000000000
59.7600000000 -110.0000000000
59.7866666667 -115.0000000000
59.8133333333 -118.0000000000
59.8400000000 -121.0000000000
59.8666666667 -125.0000000000
59.8933333333 -128.0000000000
59.9200000000 -131.0000000000
59.9466666667 -133.0000000000
59.9733333333 -134.0000000000
60.0000000000 -136.0000000000
60.0266666667 -135.0000000000
60.0533333333 -134.0000000000
60.0800000000 -131.0000000000
60.1066666667 -127.0000000000
60.1333333333 -122.0000000000
60.1600000000 -114.0000000000
60.1866666667 -104.0000000000
60.2133333333 -92.0000000000
60.2400000000 -77.0000000000
60.2666666667 -60.0000000000
60.2933333333 -42.0000000000
60.3200000000 -22.0000000000
60.3466666667 0.0000000000
60.3733333333 21.0000000000
60.4000000000 44.0000000000
60.4266666667 67.0000000000
60.4533333333 90.0000000000
60.4800000000 113.0000000000
60.5066666667 134.0000000000
60.5333333333 154.0000000000
60.5600000000 172.0000000000
60.5866666667 188.0000000000
60.6133333333 201.0000000000
60.6400000000 212.0000000000
60.6666666667 220.0000000000
60.6933333333 225.0000000000
60.7200000000 227.0000000000
60.7466666667 224.0000000000
60.7733333333 219.0000000000
60.8000000000 209.0000000000
60.8266666667 195.0000000000
60.8533333333 178.0000000000
60.8800000000 157.0000000000
60.9066666667 133.0000000000
60.9333333333 107.0000000000
60.9600000000 79.0000000000
60.9866666667 48.0000000000
61.0133333333 18.0000000000
61.0400000000 -13.0000000000
61.0666666667 -44.0000000000
61.0933333333 -73.0000000000
61.1200000000 -102.0000000000
61.1466666667 -128.0000000000
61.1733333333 -151.0000000000
61.2000000000 -170.0000000000
61.2266666667 -185.0000000000
61.2533333333 -196.0000000000
61.2800000000 -203.0000000000
61.3066666667 -205.0000000000
61.3333333333 -202.0000000000
61.3600000000 -197.0000000000
61.3866666667 -188.0000000000
61.4133333333 -177.0000000000
61.4400000000 -164.0000000000
61.4666666667 -149.0000000000
61.4933333333 -133.0000000000
61.5200000000 -116.0000000000
61.5466666667 -98.0000000000
61.5733333333 -82.0000000000
61.6000000000 -65.0000000000
61.6266666667 -49.0000000000
61.6533333333 -33.0000000000
61.6800000000 -17.0000000000
61.7066666667 0.0000000000
61.7333333333 15.0000000000
61.7600000000 32.0000000000
61.7866666667 50.0000000000
61.8133333333 69.0000000000
61.8400000000 90.0000000000
61.8666666667 113.0000000000
61.8933333333 137.0000000000
61.9200000000 163.0000000000
61.9466666667 191.0000000000
61.9733333333 218.0000000000
62.0000000000 247.0000000000
62.0266666667 276.0000000000
62.0533333333 304.0000000000
62.0800000000 333.0000000000
62.1066666667 360.0000000000
62.1333333333 385.0000000000
62.1600000000 408.0000000000
62.1866666667 429.0000000000
62.2133333333 448.0000000000
62.2400000000 465.0000000000
62.2666666667 480.0000000000
62.2933333333 492.0000000000
62.3200000000 503.0000000000
62.3466666667 513.0000000000
62.3733333333 520.0000000000
62.4000000000 525.0000000000
62.4266666667 529.0000000000
62.4533333333 531.0000000000
62.4800000000 531.0000000000
62.5066666667 528.0000000000
62.5333333333 524.0000000000
62.5600000000 517.0000000000
62.5866666667 506.0000000000
62.6133333333 492.0000000000
62.6400000000 475.0000000000
62.6666666667 454.0000000000
62.6933333333 428.0000000000
62.7200000000 398.0000000000
62.7466666667 365.0000000000
62.7733333333 329.0000000000
62.8000000000 289.0000000000
62.8266666667 247.0000000000
62.8533333333 203.0000000000
62.8800000000 159.0000000000
62.9066666667 115.0000000000
62.9333333333 73.0000000000
62.9600000000 34.0000000000
62.9866666667 -4.0000000000
63.0133333333 -38.0000000000
63.0400000000 -69.0000000000
63.0666666667 -96.0000000000
63.0933333333 -119.0000000000
63.1200000000 -137.0000000000
63.1466666667 -152.0000000000
63.1733333333 -162.0000000000
63.2000000000 -169.0000000000
63.2266666667 -173.0000000000
63.2533333333 -173.0000000000
63.2800000000 -174.0000000000
63.3066666667 -173.0000000000
63.3333333333 -172.0000000000
63.3600000000 -173.0000000000
63.3866666667 -174.0000000000
63.4133333333 -177.0000000000
63.4400000000 -182.0000000000
63.4666666667 -188.0000000000
63.4933333333 -195.0000000000
63.5200000000 -203.0000000000
63.5466666667 -211.0000000000
63.5733333333 -220.0000000000
63.6000000000 -228.0000000000
63.6266666667 -237.0000000000
63.6533333333 -244.0000000000
63.6800000000 -249.0000000000
63.7066666667 -253.0000000000
63.7333333333 -254.0000000000
63.7600000000 -253.0000000000
63.7866666667 -250.0000000000
63.8133333333 -243.0000000000
63.8400000000 -235.0000000000
63.8666666667 -223.0000000000
63.8933333333 -209.0000000000
63.9200000000 -193.0000000000
63.9466666667 -175.0000000000
63.9733333333 -156.0000000000
64.0000000000 -136.0000000000
64.0266666667 -113.0000000000
64.0533333333 -89.0000000000
64.0800000000 -66.0000000000
64.1066666667 -42.0000000000
64.1333333333 -18.0000000000
64.1600000000 6.0000000000
64.1866666667 31.0000000000
64.2133333333 55.0000000000
64.2400000000 80.0000000000
64.2666666667 104.0000000000
64.2933333333 128.0000000000
64.3200000000 153.0000000000
64.3466666667 176.0000000000
64.3733333333 199.0000000000
64.4000000000 220.0000000000
64.4266666667 241.0000000000
64.4533333333 260.0000000000
64.4800000000 277.0000000000
64.5066666667 293.0000000000
64.5333333333 308.0000000000
64.5600000000 321.0000000000
64.5866666667 334.0000000000
64.6133333333 344.0000000000
64.6400000000 353.0000000000
64.6666666667 360.0000000000
64.6933333333 366.0000000000
64.7200000000 371.0000000000
64.7466666667 374.0000000000
64.7733333333 375.0000000000
64.8000000000 374.0000000000
64.8266666667 373.0000000000
64.8533333333 370.0000000000
64.8800000000 367.0000000000
64.9066666667 364.0000000000
64.9333333333 360.0000000000
64.9600000000 356.0000000000
64.9866666667 352.0000000000
65.0133333333 350.0000000000
65.0400000000 348.0000000000
65.0666666667 346.0000000000
65.0933333333 347.0000000000
65.1200000000 348.0000000000
65.1466666667 350.0000000000
65.1733333333 354.0000000000
65.2000000000 359.0000000000
65.2266666667 366.0000000000
65.2533333333 375.0000000000
65.2800000000 385.0000000000
65.3066666667 396.0000000000
65.3333333333 407.0000000000
65.3600000000 420.0000000000
65.3866666667 433.0000000000
65.4133333333 446.0000000000
65.4400000000 459.0000000000
65.4666666667 471.0000000000
65.4933333333 484.0000000000
65.5200000000 495.0000000000
65.5466666667 506.0000000000
65.5733333333 517.0000000000
65.6000000000 527.0000000000
65.6266666667 536.0000000000
65.6533333333 544.0000000000
65.6800000000 551.0000000000
65.7066666667 557.0000000000
65.7333333333 561.0000000000
65.7600000000 565.0000000000
65.7866666667 567.0000000000
65.8133333333 567.0000000000
65.8400000000 566.0000000000
65.8666666667 565.0000000000
65.8933333333 561.0000000000
65.9200000000 558.0000000000
65.9466666667 554.0000000000
65.9733333333 548.0000000000
66.0000000000 544.0000000000
66.0266666667 539.0000000000
66.0533333333 533.0000000000
66.0800000000 529.0000000000
66.1066666667 525.0000000000
66.1333333333 521.0000000000
66.1600000000 518.0000000000
66.1866666667 514.0000000000
66.2133333333 510.0000000000
66.2400000000 504.0000000000
66.2666666667 497.0000000000
66.2933333333 488.0000000000
66.3200000000 477.0000000000
66.3466666667 463.0000000000
66.3733333333 445.0000000000
66.4000000000 423.0000000000
66.4266666667 397.0000000000
66.4533333333 368.0000000000
66.4800000000 336.0000000000
66.5066666667 302.0000000000
66.5333333333 266.0000000000
66.5600000000 229.0000000000
66.5866666667 192.0000000000
66.6133333333 155.0000000000
66.6400000000 121.0000000000
66.6666666667 89.0000000000
66.6933333333 60.0000000000
66.7200000000 35.0000000000
66.7466666667 14.0000000000
66.7733333333 -3.0000000000
66.8000000000 -15.0000000000
66.8266666667 -23.0000000000
66.8533333333 -27.0000000000
66.8800000000 -26.0000000000
66.9066666667 -22.0000000000
66.9333333333 -14.0000000000
66.9600000000 -3.0000000000
66.9866666667 9.0000000000
67.0133333333 24.0000000000
67.0400000000 41.0000000000
67.0666666667 57.0000000000
67.0933333333 74.0000000000
67.1200000000 91.0000000000
67.1466666667 106.0000000000
67.1733333333 121.0000000000
67.2000000000 134.0000000000
67.2266666667 146.0000000000
67.2533333333 156.0000000000
67.2800000000 164.0000000000
67.3066666667 171.0000000000
67.3333333333 176.0000000000
67.3600000000 180.0000000000
67.3866666667 182.0000000000
67.4133333333 183.0000000000
67.4400000000 183.0000000000
67.4666666667 181.0000000000
67.4933333333 177.0000000000
67.5200000000 173.0000000000
67.5466666667 167.0000000000
67.5733333333 159.0000000000
67.6000000000 151.0000000000
67.6266666667 141.0000000000
67.6533333333 131.0000000000
67.6800000000 121.0000000000
67.7066666667 111.0000000000
67.7333333333 102.0000000000
67.7600000000 93.0000000000
67.7866666667 84.0000000000
67.8133333333 77.0000000000
67.8400000000 70.0000000000
67.8666666667 65.0000000000
67.8933333333 60.0000000000
67.9200000000 55.0000000000
67.9466666667 51.0000000000
67.9733333333 47.0000000000
68.0000000000 42.0000000000
68.0266666667 37.0000000000
68.0533333333 29.0000000000
68.0800000000 22.0000000000
68.1066666667 13.0000000000
68.1333333333 2.0000000000
68.1600000000 -9.0000000000
68.1866666667 -22.0000000000
68.2133333333 -36.0000000000
68.2400000000 -51.0000000000
68.2666666667 -67.0000000000
68.2933333333 -82.0000000000
68.3200000000 -98.0000000000
68.3466666667 -113.0000000000
68.3733333333 -127.0000000000
68.4000000000 -140.0000000000
68.4266666667 -151.0000000000
68.4533333333 -161.0000000000
68.4800000000 -168.0000000000
68.5066666667 -173.0000000000
68.5333333333 -177.0000000000
68.5600000000 -178.0000000000
68.5866666667 -176.0000000000
68.6133333333 -172.0000000000
68.6400000000 -165.0000000000
68.6666666667 -157.0000000000
68.6933333333 -147.0000000000
68.7200000000 -135.0000000000
68.7466666667 -123.0000000000
68.7733333333 -110.0000000000
68.8000000000 -97.0000000000
68.8266666667 -85.0000000000
68.8533333333 -74.0000000000
68.8800000000 -64.0000000000
68.9066666667 -56.0000000000
68.9333333333 -51.0000000000
68.9600000000 -48.0000000000
68.9866666667 -49.0000000000
69.0133333333 -53.0000000000
69.0400000000 -60.0000000000
69.0666666667 -69.0000000000
69.0933333333 -81.0000000000
69.1200000000 -95.0000000000
69.1466666667 -111.0000000000
69.1733333333 -127.0000000000
69.2000000000 -144.0000000000
69.2266666667 -160.0000000000
69.2533333333 -175.0000000000
69.2800000000 -189.0000000000
69.3066666667 -201.0000000000
69.3333333333 -210.0000000000
69.3600000000 -216.0000000000
69.3866666667 -219.0000000000
69.4133333333 -218.0000000000
69.4400000000 -213.0000000000
69.4666666667 -205.0000000000
69.4933333333 -194.0000000000
69.5200000000 -181.0000000000
69.5466666667 -166.0000000000
69.5733333333 -150.0000000000
69.6000000000 -134.0000000000
69.6266666667 -118.0000000000
69.6533333333 -102.0000000000
69.6800000000 -90.0000000000
69.7066666667 -80.0000000000
69.7333333333 -73.0000000000
69.7600000000 -69.0000000000
69.7866666667 -70.0000000000
69.8133333333 -75.0000000000
69.8400000000 -83.0000000000
69.8666666667 -96.0000000000
69.8933333333 -113.0000000000
69.9200000000 -134.0000000000
69.9466666667 -157.0000000000
69.9733333333 -184.0000000000
70.0000000000 -212.0000000000
70.0266666667 -241.0000000000
70.0533333333 -270.0000000000
70.0800000000 -299.0000000000
70.1066666667 -327.0000000000
70.1333333333 -353.0000000000
70.1600000000 -376.0000000000
70.1866666667 -397.0000000000
70.2133333333 -414.0000000000
70.2400000000 -427.0000000000
70.2666666667 -436.0000000000
70.2933333333 -441.0000000000
70.3200000000 -444.0000000000
70.3466666667 -442.0000000000
70.3733333333 -437.0000000000
70.4000000000 -429.0000000000
70.4266666667 -419.0000000000
70.4533333333 -408.0000000000
70.4800000000 -396.0000000000
70.5066666667 -382.0000000000
70.5333333333 -370.0000000000
70.5600000000 -358.0000000000
70.5866666667 -347.0000000000
70.6133333333 -338.0000000000
70.6400000000 -330.0000000000
70.6666666667 -325.0000000000
70.6933333333 -322.0000000000
70.7200000000 -319.0000000000
70.7466666667 -321.0000000000
70.7733333333 -322.0000000000
70.8000000000 -324.0000000000
70.8266666667 -328.0000000000
70.8533333333 -331.0000000000
70.8800000000 -335.0000000000
70.9066666667 -337.0000000000
70.9333333333 -338.0000000000
70.9600000000 -338.0000000000
70.9866666667 -335.0000000000
71.0133333333 -330.0000000000
71.0400000000 -323.0000000000
71.0666666667 -312.0000000000
71.0933333333 -299.0000000000
71.1200000000 -284.0000000000
71.1466666667 -266.0000000000
71.1733333333 -246.0000000000
71.2000000000 -224.0000000000
71.2266666667 -202.0000000000
71.2533333333 -179.0000000000
71.2800000000 -155.0000000000
71.3066666667 -133.0000000000
71.3333333333 -111.0000000000
71.3600000000 -92.0000000000
71.3866666667 -76.0000000000
71.4133333333 -62.0000000000
71.4400000000 -52.0000000000
71.4666666667 -47.0000000000
71.4933333333 -44.0000000000
71.5200000000 -45.0000000000
71.5466666667 -50.0000000000
71.5733333333 -58.0000000000
71.6000000000 -70.0000000000
71.6266666667 -84.0000000000
71.6533333333 -101.0000000000
71.6800000000 -120.0000000000
71.7066666667 -141.0000000000
71.7333333333 -161.0000000000
71.7600000000 -182.0000000000
71.7866666667 -203.0000000000
71.8133333333 -223.0000000000
71.8400000000 -240.0000000000
71.8666666667 -256.0000000000
71.8933333333 -271.0000000000
71.9200000000 -282.0000000000
71.9466666667 -290.0000000000
71.9733333333 -296.0000000000
72.0000000000 -298.0000000000
72.0266666667 -297.0000000000
72.0533333333 -292.0000000000
72.0800000000 -285.0000000000
72.1066666667 -276.0000000000
72.1333333333 -264.0000000000
72.1600000000 -249.0000000000
72.1866666667 -233.0000000000
72.2133333333 -215.0000000000
72.2400000000 -197.0000000000
72.2666666667 -177.0000000000
72.2933333333 -155.0000000000
72.3200000000 -134.0000000000
72.3466666667 -111.0000000000
72.3733333333 -89.0000000000
72.4000000000 -68.0000000000
72.4266666667 -47.0000000000
72.4533333333 -27.0000000000
72.4800000000 -8.0000000000
72.5066666667 9.0000000000
72.5333333333 26.0000000000
72.5600000000 41.0000000000
72.5866666667 56.0000000000
72.6133333333 68.0000000000
72.6400000000 80.0000000000
72.6666666667 89.0000000000
72.6933333333 97.0000000000
72.7200000000 103.0000000000
72.7466666667 107.0000000000
72.7733333333 110.0000000000
72.8000000000 111.0000000000
72.8266666667 111.0000000000
72.8533333333 111.0000000000
72.8800000000 109.0000000000
72.9066666667 107.0000000000
72.9333333333 105.0000000000
72.9600000000 104.0000000000
72.9866666667 101.0000000000
73.0133333333 100.0000000000
73.0400000000 99.0000000000
73.0666666667 98.0000000000
73.0933333333 97.0000000000
73.1200000000 96.0000000000
73.1466666667 96.0000000000
73.1733333333 95.0000000000
73.2000000000 95.0000000000
73.2266666667 95.0000000000
73.2533333333 95.0000000000
73.2800000000 95.0000000000
73.3066666667 94.0000000000
73.3333333333 93.0000000000
73.3600000000 93.0000000000
73.3866666667 92.0000000000
73.4133333333 91.0000000000
73.4400000000 90.0000000000
73.4666666667 89.0000000000
73.4933333333 88.0000000000
73.5200000000 87.0000000000
73.5466666667 87.0000000000
73.5733333333 88.0000000000
73.6000000000 89.0000000000
73.6266666667 91.0000000000
73.6533333333 94.0000000000
73.6800000000 98.0000000000
73.7066666667 104.0000000000
73.7333333333 112.0000000000
73.7600000000 120.0000000000
73.7866666667 130.0000000000
73.8133333333 140.0000000000
73.8400000000 151.0000000000
73.8666666667 163.0000000000
73.8933333333 174.0000000000
73.9200000000 186.0000000000
73.9466666667 197.0000000000
73.9733333333 208.0000000000
74.0000000000 218.0000000000
74.0266666667 227.0000000000
74.0533333333 235.0000000000
74.0800000000 243.0000000000
74.1066666667 249.0000000000
74.1333333333 256.0000000000
74.1600000000 262.0000000000
74.1866666667 268.0000000000
74.2133333333 273.0000000000
74.2400000000 278.0000000000
74.2666666667 284.0000000000
74.2933333333 290.0000000000
74.3200000000 297.0000000000
74.3466666667 304.0000000000
74.3733333333 312.0000000000
74.4000000000 319.0000000000
74.4266666667 326.0000000000
74.4533333333 333.0000000000
74.4800000000 339.0000000000
74.5066666667 344.0000000000
74.5333333333 347.0000000000
74.5600000000 350.0000000000
74.5866666667 351.0000000000
74.6133333333 351.0000000000
74.6400000000 348.0000000000
74.6666666667 345.0000000000
74.6933333333 339.0000000000
74.7200000000 332.0000000000
74.7466666667 323.0000000000
74.7733333333 312.0000000000
74.8000000000 300.0000000000
74.8266666667 286.0000000000
74.8533333333 271.0000000000
74.8800000000 256.0000000000
74.9066666667 241.0000000000
74.9333333333 225.0000000000
74.9600000000 210.0000000000
74.9866666667 195.0000000000
75.0133333333 182.0000000000
75.0400000000 171.0000000000
75.0666666667 160.0000000000
75.0933333333 152.0000000000
75.1200000000 146.0000000000
75.1466666667 142.0000000000
75.1733333333 139.0000000000
75.2000000000 139.0000000000
75.2266666667 141.0000000000
75.2533333333 145.0000000000
75.2800000000 149.0000000000
75.3066666667 154.0000000000
75.3333333333 160.0000000000
75.3600000000 166.0000000000
75.3866666667 170.0000000000
75.4133333333 176.0000000000
75.4400000000 180.0000000000
75.4666666667 184.0000000000
75.4933333333 187.0000000000
75.5200000000 189.0000000000
75.5466666667 190.0000000000
75.5733333333 192.0000000000
75.6000000000 192.0000000000
75.6266666667 191.0000000000
75.6533333333 190.0000000000
75.6800000000 190.0000000000
75.7066666667 189.0000000000
75.7333333333 188.0000000000
75.7600000000 187.0000000000
75.7866666667 187.0000000000
75.8133333333 187.0000000000
75.8400000000 189.0000000000
75.8666666667 191.0000000000
75.8933333333 195.0000000000
75.9200000000 200.0000000000
75.9466666667 206.0000000000
75.9733333333 214.0000000000
76.0000000000 223.0000000000
76.0266666667 233.0000000000
76.0533333333 245.0000000000
76.0800000000 256.0000000000
76.1066666667 268.0000000000
76.1333333333 280.0000000000
76.1600000000 291.0000000000
76.1866666667 302.0000000000
76.2133333333 310.0000000000
76.2400000000 318.0000000000
76.2666666667 323.0000000000
76.2933333333 326.0000000000
76.3200000000 326.0000000000
76.3466666667 325.0000000000
76.3733333333 320.0000000000
76.4000000000 313.0000000000
76.4266666667 303.0000000000
76.4533333333 292.0000000000
76.4800000000 279.0000000000
76.5066666667 265.0000000000
76.5333333333 251.0000000000
76.5600000000 237.0000000000
76.5866666667 222.0000000000
76.6133333333 209.0000000000
76.6400000000 196.0000000000
76.6666666667 184.0000000000
76.6933333333 174.0000000000
76.7200000000 165.0000000000
76.7466666667 158.0000000000
76.7733333333 153.0000000000
76.8000000000 149.0000000000
76.8266666667 148.0000000000
76.8533333333 148.0000000000
76.8800000000 150.0000000000
76.9066666667 152.0000000000
76.9333333333 155.0000000000
76.9600000000 160.0000000000
76.9866666667 165.0000000000
77.0133333333 169.0000000000
77.0400000000 173.0000000000
77.0666666667 176.0000000000
77.0933333333 179.0000000000
77.1200000000 179.0000000000
77.1466666667 178.0000000000
77.1733333333 175.0000000000
77.2000000000 170.0000000000
77.2266666667 164.0000000000
77.2533333333 156.0000000000
77.2800000000 146.0000000000
77.3066666667 136.0000000000
77.3333333333 126.0000000000
77.3600000000 115.0000000000
77.3866666667 104.0000000000
77.4133333333 93.0000000000
77.4400000000 84.0000000000
77.4666666667 76.0000000000
77.4933333333 71.0000000000
77.5200000000 68.0000000000
77.5466666667 68.0000000000
77.5733333333 71.0000000000
77.6000000000 77.0000000000
77.6266666667 87.0000000000
77.6533333333 100.0000000000
77.6800000000 115.0000000000
77.7066666667 133.0000000000
77.7333333333 153.0000000000
77.7600000000 175.0000000000
77.7866666667 199.0000000000
77.8133333333 223.0000000000
77.8400000000 248.0000000000
77.8666666667 271.0000000000
77.8933333333 294.0000000000
77.9200000000 315.0000000000
77.9466666667 334.0000000000
77.9733333333 350.0000000000
78.0000000000 364.0000000000
78.0266666667 375.0000000000
78.0533333333 384.0000000000
78.0800000000 389.0000000000
78.1066666667 392.0000000000
78.1333333333 391.0000000000
78.1600000000 388.0000000000
78.1866666667 381.0000000000
78.2133333333 373.0000000000
78.2400000000 362.0000000000
78.2666666667 348.0000000000
78.2933333333 334.0000000000
78.3200000000 318.0000000000
78.3466666667 301.0000000000
78.3733333333 284.0000000000
78.4000000000 267.0000000000
78.4266666667 250.0000000000
78.4533333333 233.0000000000
78.4800000000 218.0000000000
78.5066666667 203.0000000000
78.5333333333 190.0000000000
78.5600000000 178.0000000000
78.5866666667 168.0000000000
78.6133333333 159.0000000000
78.6400000000 152.0000000000
78.6666666667 148.0000000000
78.6933333333 145.0000000000
78.7200000000 143.0000000000
78.7466666667 143.0000000000
78.7733333333 143.0000000000
78.8000000000 145.0000000000
78.8266666667 146.0000000000
78.8533333333 148.0000000000
78.8800000000 150.0000000000
78.9066666667 152.0000000000
78.9333333333 153.0000000000
78.9600000000 155.0000000000
78.9866666667 155.0000000000
79.0133333333 155.0000000000
79.0400000000 155.0000000000
79.0666666667 154.0000000000
79.0933333333 152.0000000000
79.1200000000 151.0000000000
79.1466666667 150.0000000000
79.1733333333 149.0000000000
79.2000000000 148.0000000000
79.2266666667 149.0000000000
79.2533333333 150.0000000000
79.2800000000 152.0000000000
79.3066666667 155.0000000000
79.3333333333 159.0000000000
79.3600000000 165.0000000000
79.3866666667 170.0000000000
79.4133333333 177.0000000000
79.4400000000 184.0000000000
79.4666666667 191.0000000000
79.4933333333 199.0000000000
79.5200000000 206.0000000000
79.5466666667 212.0000000000
79.5733333333 218.0000000000
79.6000000000 223.0000000000
79.6266666667 225.0000000000
79.6533333333 228.0000000000
79.6800000000 227.0000000000
79.7066666667 225.0000000000
79.7333333333 220.0000000000
79.7600000000 215.0000000000
79.7866666667 207.0000000000
79.8133333333 198.0000000000
79.8400000000 188.0000000000
79.8666666667 178.0000000000
79.8933333333 168.0000000000
79.9200000000 158.0000000000
79.9466666667 150.0000000000
79.9733333333 142.0000000000
80.0000000000 136.0000000000
80.0266666667 131.0000000000
80.0533333333 128.0000000000
80.0800000000 126.0000000000
80.1066666667 127.0000000000
80.1333333333 130.0000000000
80.1600000000 135.0000000000
80.1866666667 141.0000000000
80.2133333333 150.0000000000
80.2400000000 159.0000000000
80.2666666667 170.0000000000
80.2933333333 181.0000000000
80.3200000000 193.0000000000
80.3466666667 205.0000000000
80.3733333333 216.0000000000
80.4000000000 227.0000000000
80.4266666667 238.0000000000
80.4533333333 248.0000000000
80.4800000000 256.0000000000
80.5066666667 264.0000000000
80.5333333333 271.0000000000
80.5600000000 275.0000000000
80.5866666667 278.0000000000
80.6133333333 279.0000000000
80.6400000000 277.0000000000
80.6666666667 273.0000000000
80.6933333333 266.0000000000
80.7200000000 257.0000000000
80.7466666667 245.0000000000
80.7733333333 231.0000000000
80.8000000000 214.0000000000
80.8266666667 195.0000000000
80.8533333333 175.0000000000
80.8800000000 153.0000000000
80.9066666667 131.0000000000
80.9333333333 109.0000000000
80.9600000000 87.0000000000
80.9866666667 65.0000000000
81.0133333333 45.0000000000
81.0400000000 26.0000000000
81.0666666667 9.0000000000
81.0933333333 -4.0000000000
81.1200000000 -16.0000000000
81.1466666667 -25.0000000000
81.1733333333 -31.0000000000
81.2000000000 -34.0000000000
81.2266666667 -33.0000000000
81.2533333333 -30.0000000000
81.2800000000 -25.0000000000
81.3066666667 -18.0000000000
81.3333333333 -9.0000000000
81.3600000000 0.0000000000
81.3866666667 11.0000000000
81.4133333333 22.0000000000
81.4400000000 34.0000000000
81.4666666667 46.0000000000
81.4933333333 58.0000000000
81.5200000000 69.0000000000
81.5466666667 79.0000000000
81.5733333333 89.0000000000
81.6000000000 98.0000000000
81.6266666667 107.0000000000
81.6533333333 116.0000000000
81.6800000000 124.0000000000
81.7066666667 133.0000000000
81.7333333333 142.0000000000
81.7600000000 150.0000000000
81.7866666667 160.0000000000
81.8133333333 169.0000000000
81.8400000000 178.0000000000
81.8666666667 187.0000000000
81.8933333333 197.0000000000
81.9200000000 206.0000000000
81.9466666667 215.0000000000
81.9733333333 223.0000000000
82.0000000000 232.0000000000
82.0266666667 239.0000000000
82.0533333333 246.0000000000
82.0800000000 252.0000000000
82.1066666667 257.0000000000
82.1333333333 260.0000000000
82.1600000000 263.0000000000
82.1866666667 264.0000000000
82.2133333333 264.0000000000
82.2400000000 263.0000000000
82.2666666667 262.0000000000
82.2933333333 260.0000000000
82.3200000000 257.0000000000
82.3466666667 254.0000000000
82.3733333333 249.0000000000
82.4000000000 245.0000000000
82.4266666667 239.0000000000
82.4533333333 232.0000000000
82.4800000000 224.0000000000
82.5066666667 215.0000000000
82.5333333333 205.0000000000
82.5600000000 194.0000000000
82.5866666667 181.0000000000
82.6133333333 168.0000000000
82.6400000000 154.0000000000
82.6666666667 139.0000000000
82.6933333333 124.0000000000
82.7200000000 110.0000000000
82.7466666667 96.0000000000
82.7733333333 83.0000000000
82.8000000000 73.0000000000
82.8266666667 64.0000000000
82.8533333333 57.0000000000
82.8800000000 53.0000000000
82.9066666667 51.0000000000
82.9333333333 53.0000000000
82.9600000000 56.0000000000
82.9866666667 62.0000000000
83.0133333333 70.0000000000
83.0400000000 80.0000000000
83.0666666667 93.0000000000
83.0933333333 106.0000000000
83.1200000000 122.0000000000
83.1466666667 138.0000000000
83.1733333333 154.0000000000
83.2000000000 172.0000000000
83.2266666667 189.0000000000
83.2533333333 206.0000000000
83.2800000000 223.0000000000
83.3066666667 238.0000000000
83.3333333333 253.0000000000
83.3600000000 267.0000000000
83.3866666667 281.0000000000
83.4133333333 293.0000000000
83.4400000000 305.0000000000
83.4666666667 316.0000000000
83.4933333333 326.0000000000
83.5200000000 335.0000000000
83.5466666667 343.0000000000
83.5733333333 350.0000000000
83.6000000000 356.0000000000
83.6266666667 362.0000000000
83.6533333333 367.0000000000
83.6800000000 371.0000000000
83.7066666667 375.0000000000
83.7333333333 377.0000000000
83.7600000000 379.0000000000
83.7866666667 379.0000000000
83.8133333333 379.0000000000
83.8400000000 378.0000000000
83.8666666667 376.0000000000
83.8933333333 375.0000000000
83.9200000000 373.0000000000
83.9466666667 371.0000000000
83.9733333333 370.0000000000
84.0000000000 369.0000000000
84.0266666667 368.0000000000
84.0533333333 367.0000000000
84.0800000000 365.0000000000
84.1066666667 365.0000000000
84.1333333333 363.0000000000
84.1600000000 362.0000000000
84.1866666667 361.0000000000
84.2133333333 359.0000000000
84.2400000000 357.0000000000
84.2666666667 354.0000000000
84.2933333333 351.0000000000
84.3200000000 349.0000000000
84.3466666667 346.0000000000
84.3733333333 344.0000000000
84.4000000000 341.0000000000
84.4266666667 338.0000000000
84.4533333333 335.0000000000
84.4800000000 332.0000000000
84.5066666667 329.0000000000
84.5333333333 327.0000000000
84.5600000000 324.0000000000
84.5866666667 321.0000000000
84.6133333333 319.0000000000
84.6400000000 316.0000000000
84.6666666667 312.0000000000
84.6933333333 307.0000000000
84.7200000000 301.0000000000
84.7466666667 295.0000000000
84.7733333333 289.0000000000
84.8000000000 283.0000000000
84.8266666667 277.0000000000
84.8533333333 272.0000000000
84.8800000000 267.0000000000
84.9066666667 262.0000000000
84.9333333333 259.0000000000
84.9600000000 256.0000000000
84.9866666667 254.0000000000
85.0133333333 253.0000000000
85.0400000000 252.0000000000
85.0666666667 253.0000000000
85.0933333333 253.0000000000
85.1200000000 254.0000000000
85.1466666667 255.0000000000
85.1733333333 256.0000000000
85.2000000000 257.0000000000
85.2266666667 257.0000000000
85.2533333333 257.0000000000
85.2800000000 256.0000000000
85.3066666667 255.0000000000
85.3333333333 253.0000000000
85.3600000000 250.0000000000
85.3866666667 246.0000000000
85.4133333333 242.0000000000
85.4400000000 237.0000000000
85.4666666667 232.0000000000
85.4933333333 227.0000000000
85.5200000000 222.0000000000
85.5466666667 217.0000000000
85.5733333333 213.0000000000
85.6000000000 210.0000000000
85.6266666667 208.0000000000
85.6533333333 207.0000000000
85.6800000000 207.0000000000
85.7066666667 209.0000000000
85.7333333333 211.0000000000
85.7600000000 214.0000000000
85.7866666667 218.0000000000
85.8133333333 223.0000000000
85.8400000000 228.0000000000
85.8666666667 233.0000000000
85.8933333333 237.0000000000
85.9200000000 241.0000000000
85.9466666667 244.0000000000
85.9733333333 245.0000000000
86.0000000000 245.0000000000
86.0266666667 244.0000000000
86.0533333333 240.0000000000
86.0800000000 234.0000000000
86.1066666667 227.0000000000
86.1333333333 217.0000000000
86.1600000000 206.0000000000
86.1866666667 194.0000000000
86.2133333333 179.0000000000
86.2400000000 164.0000000000
86.2666666667 148.0000000000
86.2933333333 132.0000000000
86.3200000000 115.0000000000
86.3466666667 98.0000000000
86.3733333333 81.0000000000
86.4000000000 65.0000000000
86.4266666667 50.0000000000
86.4533333333 37.0000000000
86.4800000000 24.0000000000
86.5066666667 13.0000000000
86.5333333333 4.0000000000
86.5600000000 -2.0000000000
86.5866666667 -7.0000000000
86.6133333333 -11.0000000000
86.6400000000 -11.0000000000
86.6666666667 -9.0000000000
86.6933333333 -5.0000000000
86.7200000000 0.0000000000
86.7466666667 8.0000000000
86.7733333333 18.0000000000
86.8000000000 29.0000000000
86.8266666667 41.0000000000
86.8533333333 55.0000000000
86.8800000000 68.0000000000
86.9066666667 82.0000000000
86.9333333333 97.0000000000
86.9600000000 111.0000000000
86.9866666667 124.0000000000
87.0133333333 137.0000000000
87.0400000000 149.0000000000
87.0666666667 159.0000000000
87.0933333333 167.0000000000
87.1200000000 175.0000000000
87.1466666667 180.0000000000
87.1733333333 184.0000000000
87.2000000000 189.0000000000
87.2266666667 191.0000000000
87.2533333333 193.0000000000
87.2800000000 194.0000000000
87.3066666667 195.0000000000
87.3333333333 196.0000000000
87.3600000000 197.0000000000
87.3866666667 198.0000000000
87.4133333333 201.0000000000
87.4400000000 203.0000000000
87.4666666667 206.0000000000
87.4933333333 208.0000000000
87.5200000000 210.0000000000
87.5466666667 212.0000000000
87.5733333333 213.0000000000
87.6000000000 215.0000000000
87.6266666667 214.0000000000
87.6533333333 213.0000000000
87.6800000000 211.0000000000
87.7066666667 207.0000000000
87.7333333333 201.0000000000
87.7600000000 193.0000000000
87.7866666667 183.0000000000
87.8133333333 171.0000000000
87.8400000000 158.0000000000
87.8666666667 144.0000000000
87.8933333333 129.0000000000
87.9200000000 114.0000000000
87.9466666667 99.0000000000
87.9733333333 84.0000000000
88.0000000000 69.0000000000
88.0266666667 56.0000000000
88.0533333333 43.0000000000
88.0800000000 32.0000000000
88.1066666667 23.0000000000
88.1333333333 14.0000000000
88.1600000000 7.0000000000
88.1866666667 1.0000000000
88.2133333333 -3.0000000000
88.2400000000 -5.0000000000
88.2666666667 -6.0000000000
88.2933333333 -5.0000000000
88.3200000000 -2.0000000000
88.3466666667 3.0000000000
88.3733333333 10.0000000000
88.4000000000 18.0000000000
88.4266666667 28.0000000000
88.4533333333 39.0000000000
88.4800000000 50.0000000000
88.5066666667 62.0000000000
88.5333333333 76.0000000000
88.5600000000 89.0000000000
88.5866666667 104.0000000000
88.6133333333 119.0000000000
88.6400000000 134.0000000000
88.6666666667 150.0000000000
88.6933333333 165.0000000000
88.7200000000 180.0000000000
88.7466666667 194.0000000000
88.7733333333 206.0000000000
88.8000000000 217.0000000000
88.8266666667 226.0000000000
88.8533333333 233.0000000000
88.8800000000 238.0000000000
88.9066666667 241.0000000000
88.9333333333 242.0000000000
88.9600000000 240.0000000000
88.9866666667 238.0000000000
89.0133333333 234.0000000000
89.0400000000 229.0000000000
89.0666666667 223.0000000000
89.0933333333 217.0000000000
89.1200000000 211.0000000000
89.1466666667 206.0000000000
89.1733333333 201.0000000000
89.2000000000 198.0000000000
89.2266666667 196.0000000000
89.2533333333 195.0000000000
89.2800000000 196.0000000000
89.3066666667 198.0000000000
89.3333333333 201.0000000000
89.3600000000 206.0000000000
89.3866666667 212.0000000000
89.4133333333 218.0000000000
89.4400000000 224.0000000000
89.4666666667 230.0000000000
89.4933333333 235.0000000000
89.5200000000 240.0000000000
89.5466666667 243.0000000000
89.5733333333 246.0000000000
89.6000000000 247.0000000000
89.6266666667 246.0000000000
89.6533333333 245.0000000000
89.6800000000 242.0000000000
89.7066666667 237.0000000000
89.7333333333 232.0000000000
89.7600000000 225.0000000000
89.7866666667 218.0000000000
89.8133333333 211.0000000000
89.8400000000 204.0000000000
89.8666666667 196.0000000000
89.8933333333 189.0000000000
89.9200000000 183.0000000000
89.9466666667 177.0000000000
89.9733333333 172.0000000000
90.0000000000 166.0000000000
90.0266666667 161.0000000000
90.0533333333 156.0000000000
90.0800000000 152.0000000000
90.1066666667 147.0000000000
90.1333333333 144.0000000000
90.1600000000 141.0000000000
90.1866666667 139.0000000000
90.2133333333 136.0000000000
90.2400000000 135.0000000000
90.2666666667 133.0000000000
90.2933333333 132.0000000000
90.3200000000 131.0000000000
90.3466666667 130.0000000000
90.3733333333 129.0000000000
90.4000000000 128.0000000000
90.4266666667 127.0000000000
90.4533333333 127.0000000000
90.4800000000 127.0000000000
90.5066666667 128.0000000000
90.5333333333 130.0000000000
90.5600000000 132.0000000000
90.5866666667 135.0000000000
90.6133333333 139.0000000000
90.6400000000 144.0000000000
90.6666666667 149.0000000000
90.6933333333 155.0000000000
90.7200000000 161.0000000000
90.7466666667 167.0000000000
90.7733333333 174.0000000000
90.8000000000 180.0000000000
90.8266666667 186.0000000000
90.8533333333 192.0000000000
90.8800000000 197.0000000000
90.9066666667 204.0000000000
90.9333333333 209.0000000000
90.9600000000 216.0000000000
90.9866666667 221.0000000000
91.0133333333 227.0000000000
91.0400000000 232.0000000000
91.0666666667 237.0000000000
91.0933333333 241.0000000000
91.1200000000 244.0000000000
91.1466666667 247.0000000000
91.1733333333 249.0000000000
91.2000000000 250.0000000000
91.2266666667 250.0000000000
91.2533333333 249.0000000000
91.2800000000 247.0000000000
91.3066666667 244.0000000000
91.3333333333 240.0000000000
91.3600000000 235.0000000000
91.3866666667 229.0000000000
91.4133333333 222.0000000000
91.4400000000 216.0000000000
91.4666666667 208.0000000000
91.4933333333 200.0000000000
91.5200000000 193.0000000000
91.5466666667 186.0000000000
91.5733333333 179.0000000000
91.6000000000 172.0000000000
91.6266666667 165.0000000000
91.6533333333 158.0000000000
91.6800000000 152.0000000000
91.7066666667 144.0000000000
91.7333333333 137.0000000000
91.7600000000 131.0000000000
91.7866666667 124.0000000000
91.8133333333 118.0000000000
91.8400000000 113.0000000000
91.8666666667 108.0000000000
91.8933333333 103.0000000000
91.9200000000 99.0000000000
91.9466666667 95.0000000000
91.9733333333 92.0000000000
92.0000000000 88.0000000000
92.0266666667 85.0000000000
92.0533333333 81.0000000000
92.0800000000 79.0000000000
92.1066666667 78.0000000000
92.1333333333 78.0000000000
92.1600000000 78.0000000000
92.1866666667 81.0000000000
92.2133333333 84.0000000000
92.2400000000 89.0000000000
92.2666666667 94.0000000000
92.2933333333 102.0000000000
92.3200000000 109.0000000000
92.3466666667 118.0000000000
92.3733333333 127.0000000000
92.4000000000 138.0000000000
92.4266666667 151.0000000000
92.4533333333 164.0000000000
92.4800000000 177.0000000000
92.5066666667 189.0000000000
92.5333333333 201.0000000000
92.5600000000 213.0000000000
92.5866666667 223.0000000000
92.6133333333 233.0000000000
92.6400000000 241.0000000000
92.6666666667 248.0000000000
92.6933333333 253.0000000000
92.7200000000 258.0000000000
92.7466666667 260.0000000000
92.7733333333 262.0000000000
92.8000000000 262.0000000000
92.8266666667 262.0000000000
92.8533333333 260.0000000000
92.8800000000 258.0000000000
92.9066666667 255.0000000000
92.9333333333 250.0000000000
92.9600000000 245.0000000000
92.9866666667 240.0000000000
93.0133333333 233.0000000000
93.0400000000 227.0000000000
93.0666666667 220.0000000000
93.0933333333 213.0000000000
93.1200000000 204.0000000000
93.1466666667 196.0000000000
93.1733333333 187.0000000000
93.2000000000 178.0000000000
93.2266666667 169.0000000000
93.2533333333 160.0000000000
93.2800000000 151.0000000000
93.3066666667 143.0000000000
93.3333333333 136.0000000000
93.3600000000 129.0000000000
93.3866666667 123.0000000000
93.4133333333 117.0000000000
93.4400000000 111.0000000000
93.4666666667 107.0000000000
93.4933333333 103.0000000000
93.5200000000 100.0000000000
93.5466666667 98.0000000000
93.5733333333 97.0000000000
93.6000000000 97.0000000000
93.6266666667 99.0000000000
93.6533333333 102.0000000000
93.6800000000 106.0000000000
93.7066666667 110.0000000000
93.7333333333 115.0000000000
93.7600000000 120.0000000000
93.7866666667 126.0000000000
93.8133333333 131.0000000000
93.8400000000 137.0000000000
93.8666666667 142.0000000000
93.8933333333 148.0000000000
93.9200000000 153.0000000000
93.9466666667 158.0000000000
93.9733333333 164.0000000000
94.0000000000 168.0000000000
94.0266666667 172.0000000000
94.0533333333 176.0000000000
94.0800000000 181.0000000000
94.1066666667 184.0000000000
94.1333333333 188.0000000000
94.1600000000 191.0000000000
94.1866666667 194.0000000000
94.2133333333 195.0000000000
94.2400000000 196.0000000000
94.2666666667 196.0000000000
94.2933333333 196.0000000000
94.3200000000 197.0000000000
94.3466666667 197.0000000000
94.3733333333 198.0000000000
94.4000000000 199.0000000000
94.4266666667 199.0000000000
94.4533333333 200.0000000000
94.4800000000 200.0000000000
94.5066666667 201.0000000000
94.5333333333 201.0000000000
94.5600000000 202.0000000000
94.5866666667 202.0000000000
94.6133333333 204.0000000000
94.6400000000 205.0000000000
94.6666666667 207.0000000000
94.6933333333 209.0000000000
94.7200000000 211.0000000000
94.7466666667 213.0000000000
94.7733333333 215.0000000000
94.8000000000 217.0000000000
94.8266666667 219.0000000000
94.8533333333 219.0000000000
94.8800000000 219.0000000000
94.9066666667 218.0000000000
94.9333333333 217.0000000000
94.9600000000 215.0000000000
94.9866666667 214.0000000000
95.0133333333 212.0000000000
95.0400000000 210.0000000000
95.0666666667 208.0000000000
95.0933333333 206.0000000000
95.1200000000 204.0000000000
95.1466666667 201.0000000000
95.1733333333 198.0000000000
95.2000000000 194.0000000000
95.2266666667 190.0000000000
95.2533333333 185.0000000000
95.2800000000 179.0000000000
95.3066666667 174.0000000000
95.3333333333 168.0000000000
95.3600000000 162.0000000000
95.3866666667 156.0000000000
95.4133333333 148.0000000000
95.4400000000 139.0000000000
95.4666666667 129.0000000000
95.4933333333 120.0000000000
95.5200000000 110.0000000000
95.5466666667 101.0000000000
95.5733333333 92.0000000000
95.6000000000 84.0000000000
95.6266666667 78.0000000000
95.6533333333 73.0000000000
95.6800000000 69.0000000000
95.7066666667 66.0000000000
95.7333333333 64.0000000000
95.7600000000 63.0000000000
95.7866666667 63.0000000000
95.8133333333 64.0000000000
95.8400000000 66.0000000000
95.8666666667 70.0000000000
95.8933333333 74.0000000000
95.9200000000 80.0000000000
95.9466666667 86.0000000000
95.9733333333 92.0000000000
96.0000000000 98.0000000000
96.0266666667 104.0000000000
96.0533333333 110.0000000000
96.0800000000 115.0000000000
96.1066666667 119.0000000000
96.1333333333 122.0000000000
96.1600000000 122.0000000000
96.1866666667 122.0000000000
96.2133333333 121.0000000000
96.2400000000 119.0000000000
96.2666666667 117.0000000000
96.2933333333 114.0000000000
96.3200000000 112.0000000000
96.3466666667 111.0000000000
96.3733333333 110.0000000000
96.4000000000 109.0000000000
96.4266666667 108.0000000000
96.4533333333 108.0000000000
96.4800000000 108.0000000000
96.5066666667 109.0000000000
96.5333333333 111.0000000000
96.5600000000 113.0000000000
96.5866666667 115.0000000000
96.6133333333 117.0000000000
96.6400000000 118.0000000000
96.6666666667 120.0000000000
96.6933333333 122.0000000000
96.7200000000 123.0000000000
96.7466666667 124.0000000000
96.7733333333 123.0000000000
96.8000000000 122.0000000000
96.8266666667 121.0000000000
96.8533333333 119.0000000000
96.8800000000 117.0000000000
96.9066666667 113.0000000000
96.9333333333 108.0000000000
96.9600000000 103.0000000000
96.9866666667 98.0000000000
97.0133333333 93.0000000000
97.0400000000 87.0000000000
97.0666666667 81.0000000000
97.0933333333 73.0000000000
97.1200000000 65.0000000000
97.1466666667 56.0000000000
97.1733333333 46.0000000000
97.2000000000 36.0000000000
97.2266666667 25.0000000000
97.2533333333 15.0000000000
97.2800000000 5.0000000000
97.3066666667 -5.0000000000
97.3333333333 -14.0000000000
97.3600000000 -22.0000000000
97.3866666667 -30.0000000000
97.4133333333 -37.0000000000
97.4400000000 -40.0000000000
97.4666666667 -42.0000000000
97.4933333333 -44.0000000000
97.5200000000 -41.0000000000
97.5466666667 -37.0000000000
97.5733333333 -31.0000000000
97.6000000000 -22.0000000000
97.6266666667 -11.0000000000
97.6533333333 1.0000000000
97.6800000000 17.0000000000
97.7066666667 33.0000000000
97.7333333333 49.0000000000
97.7600000000 67.0000000000
97.7866666667 85.0000000000
97.8133333333 102.0000000000
97.8400000000 121.0000000000
97.8666666667 138.0000000000
97.8933333333 154.0000000000
97.9200000000 169.0000000000
97.9466666667 182.0000000000
97.9733333333 194.0000000000
98.0000000000 204.0000000000
98.0266666667 213.0000000000
98.0533333333 221.0000000000
98.0800000000 227.0000000000
98.1066666667 231.0000000000
98.1333333333 233.0000000000
98.1600000000 234.0000000000
98.1866666667 235.0000000000
98.2133333333 235.0000000000
98.2400000000 233.0000000000
98.2666666667 233.0000000000
98.2933333333 232.0000000000
98.3200000000 230.0000000000
98.3466666667 227.0000000000
98.3733333333 224.0000000000
98.4000000000 220.0000000000
98.4266666667 214.0000000000
98.4533333333 210.0000000000
98.4800000000 205.0000000000
98.5066666667 201.0000000000
98.5333333333 197.0000000000
98.5600000000 194.0000000000
98.5866666667 189.0000000000
98.6133333333 186.0000000000
98.6400000000 182.0000000000
98.6666666667 179.0000000000
98.6933333333 177.0000000000
98.7200000000 175.0000000000
98.7466666667 173.0000000000
98.7733333333 171.0000000000
98.8000000000 170.0000000000
98.8266666667 170.0000000000
98.8533333333 170.0000000000
98.8800000000 171.0000000000
98.9066666667 172.0000000000
98.9333333333 174.0000000000
98.9600000000 176.0000000000
98.9866666667 177.0000000000
99.0133333333 178.0000000000
99.0400000000 177.0000000000
99.0666666667 177.0000000000
99.0933333333 175.0000000000
99.1200000000 172.0000000000
99.1466666667 168.0000000000
99.1733333333 165.0000000000
99.2000000000 162.0000000000
99.2266666667 160.0000000000
99.2533333333 157.0000000000
99.2800000000 154.0000000000
99.3066666667 152.0000000000
99.3333333333 151.0000000000
99.3600000000 152.0000000000
99.3866666667 154.0000000000
99.4133333333 159.0000000000
99.4400000000 164.0000000000
99.4666666667 171.0000000000
